{
  "uid" : "231ed5d8-1135-4b4d-92f1-4e98cbd3565e",
  "name" : "SAPLogin",
  "identifier" : "sAPLogin",
  "type" : "automation",
  "visibility" : true,
  "header" : {
    "inputs" : [ {
      "description" : "",
      "identifier" : "systemID",
      "type" : "simple",
      "typeName" : "string",
      "typeValue" : "string",
      "dimension" : 0,
      "container" : null
    }, {
      "description" : "",
      "identifier" : "ssoFlag",
      "type" : "simple",
      "typeName" : "string",
      "typeValue" : "string",
      "dimension" : 0,
      "container" : null
    }, {
      "description" : "",
      "identifier" : "client",
      "type" : "simple",
      "typeName" : "string",
      "typeValue" : "string",
      "dimension" : 0,
      "container" : null
    }, {
      "description" : "",
      "identifier" : "userName",
      "type" : "simple",
      "typeName" : "string",
      "typeValue" : "string",
      "dimension" : 0,
      "container" : null
    }, {
      "description" : "",
      "identifier" : "password",
      "type" : "simple",
      "typeName" : "password",
      "typeValue" : "password",
      "dimension" : 0,
      "container" : null
    } ],
    "outputs" : [ {
      "description" : "",
      "identifier" : "loginFlag",
      "type" : "simple",
      "typeName" : "boolean",
      "typeValue" : "boolean",
      "dimension" : 0,
      "container" : null
    } ],
    "maxDuration" : 600,
    "triggerable" : false,
    "hasAddJobSubAutomations" : false,
    "scriptUids" : [ "9cc27a15-b04a-472f-9cc8-30755fed72ca", "f4c1b6a9-4fda-4032-8bb2-ab6a999b699f", "41a891fa-31c6-4fdd-8d05-26425d61bb25" ]
  },
  "validity" : true,
  "dependencies" : [ {
    "artifactUid" : "92e40d4d-c2ee-4a69-846b-00ac57a87b05",
    "artifactContainerUid" : "18f7077c-af31-4ca1-950b-c7df8acfc79c"
  }, {
    "artifactUid" : "71f71082-37bd-46d2-944f-1b1d5552f6a8",
    "artifactContainerUid" : "18f7077c-af31-4ca1-950b-c7df8acfc79c"
  }, {
    "artifactUid" : "9cab8902-34c3-37f9-a6bb-8e55279e5195",
    "artifactContainerUid" : "82ffeffc-25ed-4fdd-936e-ccb6cbce6dc0",
    "packageUid" : "2dbcfd22-58ea-49a2-99d6-005f5bb902c3",
    "packageAlias" : "irpa_core"
  }, {
    "artifactUid" : "3a34fbe5-5056-417f-abc6-03cecb75cc47",
    "artifactContainerUid" : "18f7077c-af31-4ca1-950b-c7df8acfc79c"
  }, {
    "artifactUid" : "aab5ad95-d8dd-3ea2-b24d-17c88b53b37c",
    "artifactContainerUid" : "82ffeffc-25ed-4fdd-936e-ccb6cbce6dc0",
    "packageUid" : "2dbcfd22-58ea-49a2-99d6-005f5bb902c3",
    "packageAlias" : "irpa_core"
  }, {
    "artifactUid" : "ec029baf-9989-3475-ac71-29ec82435863",
    "artifactContainerUid" : "82ffeffc-25ed-4fdd-936e-ccb6cbce6dc0",
    "packageUid" : "2dbcfd22-58ea-49a2-99d6-005f5bb902c3",
    "packageAlias" : "irpa_core"
  }, {
    "artifactUid" : "f2fee1f4-25ef-3451-a66b-11b328ea34f4",
    "artifactContainerUid" : "82ffeffc-25ed-4fdd-936e-ccb6cbce6dc0",
    "packageUid" : "2dbcfd22-58ea-49a2-99d6-005f5bb902c3",
    "packageAlias" : "irpa_core"
  } ],
  "contents" : [ {
    "uid" : "1cb8a504-60b8-4ab2-bf27-c28d4ede6668",
    "name" : "9cc27a15-b04a-472f-9cc8-30755fed72ca",
    "mimeType" : "application/json",
    "size" : 51,
    "lastUpdateRelease" : "2104.00"
  }, {
    "uid" : "9808eefc-4d70-4ef8-905a-3c39871fa1a0",
    "name" : "content",
    "mimeType" : "application/json",
    "size" : 168109,
    "lastUpdateRelease" : "2104.00"
  }, {
    "uid" : "e6142355-affc-4ad6-b4e7-d9798c46f800",
    "name" : "f4c1b6a9-4fda-4032-8bb2-ab6a999b699f",
    "mimeType" : "application/json",
    "size" : 26,
    "lastUpdateRelease" : "2104.00"
  }, {
    "uid" : "568fd471-b147-4815-a359-4d0f307712ad",
    "name" : "41a891fa-31c6-4fdd-8d05-26425d61bb25",
    "mimeType" : "application/json",
    "size" : 61,
    "lastUpdateRelease" : "2104.00"
  } ],
  "exportRelease" : "2105.02",
  "lastHeaderUpdateRelease" : "2101.00"
}