{
  "uid" : "69010679-23e4-4101-bc5d-ccc377d9f160",
  "name" : "List of GL Account line Items (ECC) – FAGLL03 - Cloud Studio.pdf",
  "description" : "Documnetation for FAGLL03",
  "identifier" : "file1",
  "type" : "file",
  "visibility" : true,
  "header" : null,
  "validity" : true,
  "contents" : [ {
    "uid" : "42f1aadd-f8c4-4c5d-81bd-22abae5a2e5c",
    "name" : "List of GL Account line Items (ECC) – FAGLL03 - Cloud Studio.pdf",
    "mimeType" : "application/pdf",
    "size" : 516091,
    "lastUpdateRelease" : "2104.00"
  } ],
  "exportRelease" : "2105.02",
  "lastHeaderUpdateRelease" : "2103.00-rc6"
}