{
  "uid" : "2ba1ea82-5a10-4287-83d9-d750bd58dcfe",
  "name" : "FAGLL03 Process",
  "identifier" : "fAGLL03Process",
  "type" : "automation",
  "visibility" : true,
  "header" : {
    "inputs" : [ {
      "description" : "",
      "identifier" : "outputPath",
      "type" : "simple",
      "typeName" : "string",
      "typeValue" : "string",
      "dimension" : 0,
      "container" : null
    }, {
      "description" : "",
      "identifier" : "variantName",
      "type" : "simple",
      "typeName" : "string",
      "typeValue" : "string",
      "dimension" : 0,
      "container" : null
    }, {
      "description" : "",
      "identifier" : "compCodeFrom",
      "type" : "simple",
      "typeName" : "string",
      "typeValue" : "string",
      "dimension" : 0,
      "container" : null
    }, {
      "description" : "",
      "identifier" : "compCodeTo",
      "type" : "simple",
      "typeName" : "string",
      "typeValue" : "string",
      "dimension" : 0,
      "container" : null
    }, {
      "description" : "",
      "identifier" : "keyDate",
      "type" : "simple",
      "typeName" : "string",
      "typeValue" : "string",
      "dimension" : 0,
      "container" : null
    } ],
    "outputs" : [ ],
    "maxDuration" : 600,
    "triggerable" : false,
    "hasAddJobSubAutomations" : false,
    "scriptUids" : [ "7803e918-b601-4f00-a5f1-9d4eaff06331" ]
  },
  "validity" : true,
  "dependencies" : [ {
    "artifactUid" : "cf953586-bad8-4ba2-86b0-6adda9f6cf09",
    "artifactContainerUid" : "18f7077c-af31-4ca1-950b-c7df8acfc79c"
  }, {
    "artifactUid" : "92e40d4d-c2ee-4a69-846b-00ac57a87b05",
    "artifactContainerUid" : "18f7077c-af31-4ca1-950b-c7df8acfc79c"
  }, {
    "artifactUid" : "9cab8902-34c3-37f9-a6bb-8e55279e5195",
    "artifactContainerUid" : "82ffeffc-25ed-4fdd-936e-ccb6cbce6dc0",
    "packageUid" : "2dbcfd22-58ea-49a2-99d6-005f5bb902c3",
    "packageAlias" : "irpa_core"
  }, {
    "artifactUid" : "3a34fbe5-5056-417f-abc6-03cecb75cc47",
    "artifactContainerUid" : "18f7077c-af31-4ca1-950b-c7df8acfc79c"
  }, {
    "artifactUid" : "aab5ad95-d8dd-3ea2-b24d-17c88b53b37c",
    "artifactContainerUid" : "82ffeffc-25ed-4fdd-936e-ccb6cbce6dc0",
    "packageUid" : "2dbcfd22-58ea-49a2-99d6-005f5bb902c3",
    "packageAlias" : "irpa_core"
  }, {
    "artifactUid" : "ec029baf-9989-3475-ac71-29ec82435863",
    "artifactContainerUid" : "82ffeffc-25ed-4fdd-936e-ccb6cbce6dc0",
    "packageUid" : "2dbcfd22-58ea-49a2-99d6-005f5bb902c3",
    "packageAlias" : "irpa_core"
  }, {
    "artifactUid" : "f2fee1f4-25ef-3451-a66b-11b328ea34f4",
    "artifactContainerUid" : "82ffeffc-25ed-4fdd-936e-ccb6cbce6dc0",
    "packageUid" : "2dbcfd22-58ea-49a2-99d6-005f5bb902c3",
    "packageAlias" : "irpa_core"
  } ],
  "contents" : [ {
    "uid" : "75f8aa61-444d-4468-a4cc-97689e8d5559",
    "name" : "7803e918-b601-4f00-a5f1-9d4eaff06331",
    "mimeType" : "application/json",
    "size" : 640,
    "lastUpdateRelease" : "2104.00"
  }, {
    "uid" : "29886031-fc25-4e10-b07d-b127c33adb4e",
    "name" : "content",
    "mimeType" : "application/json",
    "size" : 134333,
    "lastUpdateRelease" : "2104.00"
  } ],
  "exportRelease" : "2105.02",
  "lastHeaderUpdateRelease" : "2101.00-rc6"
}