{
  "uid" : "3a478657-ffad-4c0a-a9bb-e98f92c9c0cb",
  "name" : "OB22 Process",
  "identifier" : "oB22Process",
  "type" : "automation",
  "visibility" : true,
  "header" : {
    "inputs" : [ {
      "description" : "",
      "identifier" : "outputPath",
      "type" : "simple",
      "typeName" : "string",
      "typeValue" : "string",
      "dimension" : 0,
      "container" : null
    } ],
    "outputs" : [ ],
    "maxDuration" : 600,
    "triggerable" : false,
    "hasAddJobSubAutomations" : false,
    "scriptUids" : [ "7286d95f-ac52-437d-b393-a1be7907335a" ]
  },
  "validity" : true,
  "dependencies" : [ {
    "artifactUid" : "d828c1b3-b766-4ba9-b4c3-26c52a7c4326",
    "artifactContainerUid" : "3ed4e859-9968-4641-b62f-0bc0006b01fa"
  }, {
    "artifactUid" : "9cab8902-34c3-37f9-a6bb-8e55279e5195",
    "artifactContainerUid" : "82ffeffc-25ed-4fdd-936e-ccb6cbce6dc0",
    "packageUid" : "2dbcfd22-58ea-49a2-99d6-005f5bb902c3",
    "packageAlias" : "irpa_core"
  }, {
    "artifactUid" : "aab5ad95-d8dd-3ea2-b24d-17c88b53b37c",
    "artifactContainerUid" : "82ffeffc-25ed-4fdd-936e-ccb6cbce6dc0",
    "packageUid" : "2dbcfd22-58ea-49a2-99d6-005f5bb902c3",
    "packageAlias" : "irpa_core"
  }, {
    "artifactUid" : "ec029baf-9989-3475-ac71-29ec82435863",
    "artifactContainerUid" : "82ffeffc-25ed-4fdd-936e-ccb6cbce6dc0",
    "packageUid" : "2dbcfd22-58ea-49a2-99d6-005f5bb902c3",
    "packageAlias" : "irpa_core"
  }, {
    "artifactUid" : "f2fee1f4-25ef-3451-a66b-11b328ea34f4",
    "artifactContainerUid" : "82ffeffc-25ed-4fdd-936e-ccb6cbce6dc0",
    "packageUid" : "2dbcfd22-58ea-49a2-99d6-005f5bb902c3",
    "packageAlias" : "irpa_core"
  }, {
    "artifactUid" : "618ada09-84e2-43e1-8fac-6d747651e4b3",
    "artifactContainerUid" : "3ed4e859-9968-4641-b62f-0bc0006b01fa"
  } ],
  "contents" : [ {
    "uid" : "7923b3cd-2bee-4f4d-9859-2d9013a393fa",
    "name" : "7286d95f-ac52-437d-b393-a1be7907335a",
    "mimeType" : "application/json",
    "size" : 640,
    "lastUpdateRelease" : "2104.01"
  }, {
    "uid" : "f1fc58af-f8f8-4c25-83d0-98675f5c0c49",
    "name" : "content",
    "mimeType" : "application/json",
    "size" : 90117,
    "lastUpdateRelease" : "2104.01"
  } ],
  "exportRelease" : "2105.02",
  "lastHeaderUpdateRelease" : "2101.00-rc6"
}