{
  "uid" : "52049b76-0478-4b8e-80fe-3dfcb72fd6ea",
  "name" : "List of additional currencies for Company Code (ECC) – OB22 2.0.pdf",
  "description" : "Documentation for OB22",
  "identifier" : "file1",
  "type" : "file",
  "visibility" : true,
  "header" : null,
  "validity" : true,
  "contents" : [ {
    "uid" : "0711a9b1-3a73-4cb5-b74d-0e6635bc7a1a",
    "name" : "List of additional currencies for Company Code (ECC) – OB22 2.0.pdf",
    "mimeType" : "application/pdf",
    "size" : 501533,
    "lastUpdateRelease" : "2104.01"
  } ],
  "exportRelease" : "2105.02",
  "lastHeaderUpdateRelease" : "2103.00-rc6"
}