[{"id":"501ce072-1a7c-4363-bafb-6eb1d6ca83ad","public":true,"description":"A bot to help users find answers","slug":"faqbot","parent_bot_id":null,"name":"FAQBot","rating":0,"children_count":0,"is_privatisable":true,"categories_count":0,"private_data":false,"is_versioning_enabled":true,"bot_type":"qna","data_policy":{"id":"62e034ff-d164-4225-bfe5-a42119b703d7","data_type":"non_personal","end_user_type":"non_vulnerable"},"store_conversation_data":true,"version":{"id":"6d4cb271-e3d7-4c2c-ae20-859a0d4c05f1","name":"v1","slug":"v1","bot_id":"501ce072-1a7c-4363-bafb-6eb1d6ca83ad","parent_version_id":null,"is_forking":false},"bot_topics":[]}]