{"bot_versions":[{"skills":[{"id":"b1950450-0e16-4b7b-84d1-cec427668d51","requirement":{"position":0,"id":"d67fa077-857b-41dc-8a99-5a33e1362488","type":"and","data":null,"children":[{"position":0,"id":"f43f84fc-4d65-4893-88bd-dbd454b3f0dd","type":"and","data":null,"children":[{"position":0,"id":"27b0cf48-d843-467d-9004-79c5628aab40","type":"data","data":{"id":"dcd63c05-7b1e-417c-a2bb-6763203aa772","name":"parcel-size","field":"parcel-size","type":"entity"},"children":[],"on_empty_condition":{"actions":[{"id":"6270dfc8-614f-4c74-95c1-7e548edfa155","type":"message","value":null,"message":[{"id":"80726177-8127-4e3c-a907-3012b8cc694a","language":"en","value":"{\"type\":\"carousel\",\"content\":[{\"title\":\"Small\",\"subtitle\":\"0-1kg\",\"imageUrl\":\"\",\"buttons\":[{\"value\":\"I choose S size\",\"title\":\"Choose S\",\"type\":\"postback\"}]},{\"title\":\"Medium\",\"subtitle\":\"1-3kg\",\"imageUrl\":\"\",\"buttons\":[{\"value\":\"I choose M size\",\"title\":\"Choose M\",\"type\":\"postback\"}]},{\"title\":\"Large\",\"subtitle\":\"3-10kg\",\"imageUrl\":\"\",\"buttons\":[{\"value\":\"I choose L size\",\"title\":\"Choose L\",\"type\":\"postback\"}]},{\"title\":\"Extra Large\",\"subtitle\":\">10kg\",\"imageUrl\":\"\",\"buttons\":[{\"value\":\"I choose XL size\",\"title\":\"Choose XL\",\"type\":\"postback\"}]}],\"delay\":null}","directSkillTriggers":[""]}],"position":0}],"position":0,"id":"33b5778c-5316-42de-9f64-f8dd33e64101","type":"and","children":[],"operands":[],"operator":null},"on_success_condition":{"actions":[],"position":0,"id":"c127fc55-31fc-4e58-90c6-a3c8b1058729","type":"and","children":[],"operands":[],"operator":null},"on_validation_condition":null},{"position":1,"id":"16562381-b46f-4001-bc3d-76bfdb715a4c","type":"data","data":{"id":"2cc68bd1-a1bc-4eb0-86b0-0289a1918236","name":"location","field":"location","type":"entity"},"children":[],"on_empty_condition":{"actions":[{"id":"93c9cbdb-fc6b-4097-97f1-bede515d3368","type":"message","value":null,"message":[{"id":"cd9d6aaf-3aa6-4cb4-aaeb-47527c684aec","language":"en","value":"{\"type\":\"text\",\"content\":\"What is the delivery address? (France ONLY)\",\"markdown\":false,\"delay\":null}","directSkillTriggers":[""]}],"position":0}],"position":0,"id":"60ec09df-5416-4f53-960a-31857166baaa","type":"and","children":[],"operands":[],"operator":null},"on_success_condition":{"actions":[{"id":"3d053330-9d06-468a-bb95-3d57cfd3da92","type":"http","value":null,"message":[],"position":0}],"position":0,"id":"04c0637c-9bb4-4c42-9518-8aeb413008a3","type":"and","children":[],"operands":[],"operator":null},"on_validation_condition":{"actions":[],"position":0,"id":"e5265239-a373-448d-b539-16d584bde801","type":"or","children":[{"actions":[{"id":"7d3ee213-7f68-4402-b9c8-066d2e251b46","type":"message","value":null,"message":[{"id":"aa168156-7393-48ff-8eb3-d9173f7ddf75","language":"en","value":"{\"type\":\"text\",\"content\":\"The delivery address is not in France. Can you give me another address?\",\"markdown\":false,\"delay\":null}","directSkillTriggers":[""]}],"position":0}],"position":0,"id":"b6f993a2-0ecc-4351-8a62-13642d0cad97","type":"and","children":[{"actions":[],"position":0,"id":"8d55e582-43f8-4de1-8aa1-559f94b7ccce","type":"or","children":[{"actions":[],"position":0,"id":"c63b4777-8b2d-4d23-8590-a5c9dd6522ce","type":"data","children":[],"operands":[{"id":"ee1c1e55-e367-46c7-ba9c-22b5479784c8","language":"en","type":"string","value":"ch","left":false,"isLeft":false},{"id":"a768c1cf-3d1e-4382-9568-c58a6bcd4344","language":null,"type":"interpreted","value":"#location.country","left":true,"isLeft":true}],"operator":{"id":"0ffe4b3a-0a75-40ce-901e-0a9d233b7ae2","name":"is"}}],"operands":[],"operator":null}],"operands":[],"operator":null}],"operands":[],"operator":null}}],"on_empty_condition":null,"on_success_condition":null,"on_validation_condition":null}],"on_empty_condition":null,"on_success_condition":null,"on_validation_condition":null},"out_condition":{"actions":[],"position":0,"id":"1ea93660-a91c-4d38-a0c7-f09ca984305d","type":"all","children":[{"actions":[{"id":"16086a29-a32e-4b16-81fc-4b1fb29f8ea4","type":"message","value":null,"message":[{"id":"212cca5a-f715-4032-9e7b-e1471c82df54","language":"en","value":"{\"type\":\"text\",\"content\":\"A {{memory.parcel-size.name}} parcel sent to {{memory.location.formatted}} will cost ${{memory.parcel-size.price}}\",\"markdown\":false,\"delay\":null}","directSkillTriggers":[""]}],"position":0},{"id":"0e6187ec-c715-4cce-91ed-310e65effadb","type":"edit_memory","value":"{\"set\":[],\"unset\":[],\"reset\":true}","message":[],"position":1}],"position":0,"id":"a70e5d27-6334-4989-9fce-0bc2eefc3715","type":"and","children":[{"actions":[],"position":0,"id":"4ba282ba-d711-4557-ad9c-61fac2d0f9b6","type":"and","children":[{"actions":[],"position":0,"id":"c30b3297-d625-48a7-83f3-340c2bb3d8ab","type":"data","children":[],"operands":[{"id":"ca6d7f00-4fb5-4623-93e5-6db67d0e0a1e","language":null,"type":"memory","value":"location","left":true,"isLeft":true}],"operator":{"id":"dbb2b46b-ee2f-4d69-9f1a-d92eed53786a","name":"is-present"}},{"actions":[],"position":1,"id":"31d5e047-49f1-4717-8890-7382139201c9","type":"data","children":[],"operands":[{"id":"1b801c9f-2719-4b55-aed4-6a543d5861e2","language":null,"type":"memory","value":"parcel-size","left":true,"isLeft":true}],"operator":{"id":"dbb2b46b-ee2f-4d69-9f1a-d92eed53786a","name":"is-present"}}],"operands":[],"operator":null}],"operands":[],"operator":null}],"operands":[],"operator":null}},{"id":"46afedc3-af37-419b-9744-a3396c149bce","requirement":null,"out_condition":{"actions":[],"position":0,"id":"8e4b6e7a-d8fe-4279-904d-fa06dd8505b5","type":"all","children":[{"actions":[{"id":"9c84e9ee-42d9-4bbd-b293-ce2d292e4067","type":"message","value":null,"message":[{"id":"3a09acb2-f4d3-431e-88c7-0ec48a70450e","language":"en","value":"{\"type\":\"text\",\"content\":\"I trigger the fallback skill because I don't understand or I don't know what I'm supposed to do...\"}","directSkillTriggers":[""]}],"position":0}],"position":0,"id":"1cba3bcc-c178-4c0c-a658-f8d3b7fb1b1b","type":"and","children":[],"operands":[],"operator":null}],"operands":[],"operator":null}},{"id":"bf4094a2-7bab-4619-8a0a-da695e1114d8","requirement":null,"out_condition":{"actions":[],"position":0,"id":"150ddc72-0bb6-49de-919e-a75c6f8a03ea","type":"all","children":[{"actions":[{"id":"43fdb662-6ff8-4ef8-91b7-62682e67f7f3","type":"message","value":null,"message":[{"id":"d406adee-5499-434d-bca3-de8535d5f4ae","language":"en","value":"{\"type\":\"script\",\"content\":\"{\\n    \\\"type\\\": \\\"buttons\\\",\\n    \\\"content\\\": {\\n        \\\"title\\\": \\\"Multiple options are available. Please pick up the one you want.\\\",\\n        \\\"buttons\\\": [\\n            {{#eachJoin disambiguation.options}}\\n            {\\n                \\\"title\\\": \\\"{{label}}\\\",\\n                \\\"value\\\": \\\"{{trigger_id}}\\\",\\n                \\\"type\\\": \\\"trigger_skill\\\" \\n            }\\n            {{/eachJoin}}\\n        ]\\n    }\\n}\",\"delay\":null}","directSkillTriggers":[""]}],"position":0}],"position":0,"id":"29c7c3b8-6683-442b-aaa3-faf72392c760","type":"and","children":[],"operands":[],"operator":null}],"operands":[],"operator":null}},{"id":"f074e53a-92fa-46be-a0d9-d516374f4a6d","requirement":{"position":0,"id":"6407a514-ca4f-4bb6-8f4b-839b54a112b5","type":"and","data":null,"children":[{"position":0,"id":"4fb935ec-be9d-4051-8b1e-64755b07e01b","type":"and","data":null,"children":[{"position":0,"id":"5866689b-d57f-4c0e-a0d2-64b0cb94fe60","type":"data","data":{"id":"46a59dff-d5c6-4829-9f43-b02dfed6bb61","name":"parcel-number","field":"parcel-number","type":"entity"},"children":[],"on_empty_condition":{"actions":[{"id":"3e085c28-820d-463f-ac7f-52ba78244d11","type":"message","value":null,"message":[{"id":"ac9c4196-3506-4d61-a854-0a5160de3a7d","language":"en","value":"{\"type\":\"text\",\"content\":\"Could you give me your tracking number?\",\"markdown\":false,\"delay\":null}","directSkillTriggers":[""]}],"position":0},{"id":"b636310e-b6d7-4190-abde-aa8734331cb1","type":"edit_memory","value":"{\"set\":[],\"unset\":[\"yes\",\"no\"],\"reset\":false}","message":[],"position":1}],"position":0,"id":"4f6d1477-e49b-4123-a8b9-39d7773c2e5a","type":"and","children":[],"operands":[],"operator":null},"on_success_condition":{"actions":[{"id":"e6162aca-16bb-4712-9dba-71b4ead62f10","type":"edit_memory","value":"{\"set\":[{\"field\":\"parcel-number\",\"value\":{\"raw\":\"{{uppercase memory.parcel-number.raw}}\",\"value\":\"{{uppercase memory.parcel-number.raw}}\"},\"scripting_enabled\":false}],\"unset\":[],\"reset\":false}","message":[],"position":0}],"position":0,"id":"748ec552-7937-4970-8afa-48c8c60e19ca","type":"and","children":[],"operands":[],"operator":null},"on_validation_condition":null}],"on_empty_condition":null,"on_success_condition":null,"on_validation_condition":null},{"position":0,"id":"b6276e41-d2fa-42ed-a00e-e0ddc0db7ae5","type":"or","data":null,"children":[{"position":0,"id":"d0d06b1e-ea68-48f4-ad14-a6a39edafa29","type":"data","data":{"id":"2ada1c97-0ae2-435c-939a-d53db269aeb1","name":"yes","field":"yes","type":"intent"},"children":[],"on_empty_condition":null,"on_success_condition":null,"on_validation_condition":null},{"position":1,"id":"e4517c0c-eeb2-4434-9896-13b2c56c9751","type":"data","data":{"id":"394162a7-2922-4a57-88db-cb7f34f87617","name":"no","field":"no","type":"intent"},"children":[],"on_empty_condition":null,"on_success_condition":null,"on_validation_condition":null}],"on_empty_condition":{"actions":[{"id":"eb00929d-e7d8-4cf1-9f2e-ceb2cdb18d2a","type":"message","value":null,"message":[{"id":"19e6d0c8-e944-4d8a-957d-b4246195c484","language":"en","value":"{\"type\":\"quickReplies\",\"content\":{\"title\":\"Do you want to track the parcel {{memory.parcel-number.raw}} ?\",\"buttons\":[{\"value\":\"Yes\",\"title\":\"Yes\"},{\"value\":\"No\",\"title\":\"No\"}]},\"markdown\":false,\"delay\":null}","directSkillTriggers":[""]}],"position":0}],"position":0,"id":"c8752516-f5c9-4274-a951-2343a4b324bb","type":"and","children":[],"operands":[],"operator":null},"on_success_condition":null,"on_validation_condition":null}],"on_empty_condition":null,"on_success_condition":null,"on_validation_condition":null},"out_condition":{"actions":[],"position":0,"id":"818811e2-4fc3-427c-b86f-e92952bb2d8d","type":"all","children":[{"actions":[{"id":"9e763e4b-72c4-46cb-b3bb-71ce8f5766cf","type":"message","value":null,"message":[{"id":"82616549-2c6a-49af-9555-e3be81bf4cac","language":"en","value":"{\"type\":\"text\",\"content\":\"No problem. Let me know anytime if you want to track a package.\",\"markdown\":false,\"delay\":null}","directSkillTriggers":[""]}],"position":0},{"id":"dff090a1-203c-4c0f-900d-c44b2b5ff2b1","type":"edit_memory","value":"{\"set\":[],\"unset\":[\"no\"],\"reset\":false}","message":[],"position":1}],"position":0,"id":"4b82adfe-02af-4bcf-97ce-52fa54d4c418","type":"and","children":[{"actions":[],"position":0,"id":"979fc990-978f-4636-8c11-c6579e9b3d81","type":"and","children":[{"actions":[],"position":0,"id":"0ffe75ad-c14c-4952-b80f-b7e7dde694e8","type":"data","children":[],"operands":[{"id":"e63c663f-7004-4b66-a1a9-7dc8f647e4f2","language":null,"type":"interpreted","value":"@no","left":true,"isLeft":true}],"operator":{"id":"dbb2b46b-ee2f-4d69-9f1a-d92eed53786a","name":"is-present"}}],"operands":[],"operator":null}],"operands":[],"operator":null},{"actions":[{"id":"c7759396-6215-4ed4-9275-1084d85176b8","type":"http","value":null,"message":[],"position":0},{"id":"5c3c01f5-f315-4aad-bfcd-8a86c683923e","type":"edit_memory","value":"{\"set\":[],\"unset\":[\"parcel-number\",\"yes\"],\"reset\":false}","message":[],"position":1}],"position":1,"id":"d99e5f6c-e3b1-4eba-a0d2-328fcc440556","type":"and","children":[{"actions":[],"position":0,"id":"e7540cc4-4913-4877-823a-066e20c5119c","type":"and","children":[{"actions":[],"position":0,"id":"9d0c9296-1a68-4977-be51-18129af69c28","type":"data","children":[],"operands":[{"id":"f627d68d-b733-4b6c-ad32-51eab1b26aca","language":null,"type":"interpreted","value":"@yes","left":true,"isLeft":true}],"operator":{"id":"dbb2b46b-ee2f-4d69-9f1a-d92eed53786a","name":"is-present"}}],"operands":[],"operator":null}],"operands":[],"operator":null}],"operands":[],"operator":null}}],"bot_id":"5c056280-470d-4c6b-9928-ad603b1ffa3f","version_id":"4e67099c-50fd-4e45-a6b6-68fe33e44abc"}]}