{"bot_versions":[{"skills":[{"id":"01750a50-21b7-4aad-85f0-342d930861e7","requirement":null,"out_condition":{"actions":[],"position":0,"id":"8ff4c0b2-eb32-4460-911f-3c96a2dc10c4","type":"all","children":[{"actions":[{"id":"d08f9f7d-df7b-4bac-a863-1a2f2a7c10f7","type":"message","value":null,"message":[{"id":"6f9ba84d-d5c6-4302-af2d-72c7e70a187f","language":"en","value":"{\"type\":\"text\",\"content\":\"Hi there!\\n\",\"markdown\":true,\"delay\":null,\"value\":\"Hi there!\\n\"}","directSkillTriggers":[""]},{"id":"3df1760d-7726-4c17-8b6b-6ffb3db3c15e","language":"en","value":"{\"type\":\"text\",\"content\":\"Hello, I am your FAQ bot. I can answer questions from my knowledge base!\",\"markdown\":true,\"delay\":null,\"value\":\"Hello, I am your FAQ bot. I can answer questions from my knowledge base!\"}","directSkillTriggers":[""]}],"position":0},{"id":"77cdbdbc-031d-46c3-bdab-899c1cbe413a","type":"message","value":null,"message":[{"id":"428e8169-a0c7-4206-832c-b2fdbe75e03d","language":"de","value":"{\"type\":\"text\",\"content\":\"Hallo\",\"markdown\":true,\"delay\":null,\"value\":\"Hallo\"}","directSkillTriggers":[""]}],"position":1},{"id":"f4611645-8c6f-4230-93d7-25add8b1366d","type":"message","value":null,"message":[{"id":"71fcb503-a859-4836-823e-47a93831a31e","language":"es","value":"{\"type\":\"text\",\"content\":\"Buenos dias\",\"markdown\":true,\"delay\":null,\"value\":\"Buenos dias\"}","directSkillTriggers":[""]},{"id":"a7a0b48c-bada-4d8b-9ddb-37b4b889582c","language":"es","value":"{\"type\":\"text\",\"content\":\"Hola, soy tu bot de preguntas frecuentes. ¡Puedo responder a preguntas de mi base de conocimiento!\",\"markdown\":true,\"delay\":null,\"value\":\"Hola, soy tu bot de preguntas frecuentes. ¡Puedo responder a preguntas de mi base de conocimiento!\"}","directSkillTriggers":[""]}],"position":2},{"id":"c8c29cea-7ef1-4d93-b22b-3374f5f61e3f","type":"message","value":null,"message":[{"id":"b212588a-24d7-4d3c-a9ea-b4156f7d4d02","language":"fr","value":"{\"type\":\"text\",\"content\":\"Bonjour !\",\"markdown\":true,\"delay\":null}","directSkillTriggers":[""]},{"id":"e2519a97-57d0-4d42-b28b-0c73614f85a4","language":"fr","value":"{\"type\":\"text\",\"content\":\"Salut\",\"markdown\":true,\"delay\":null,\"value\":\"Salut\"}","directSkillTriggers":[""]}],"position":3}],"position":0,"id":"18392102-3cae-4954-8881-ba21fb9a1fb0","type":"and","children":[{"actions":[],"position":0,"id":"093d1730-f58b-4795-98f1-72a9f40fcfec","type":"and","children":[{"actions":[],"position":0,"id":"c6ca1ec2-edd7-4089-88a5-e5514ebc9bb8","type":"data","children":[],"operands":[{"id":"1265ae75-a7ba-465f-b0ff-0f8e7939b3d7","language":null,"type":"interpreted","value":"?qna.disambiguations.0.slug","left":true,"isLeft":true},{"id":"55902290-59b4-4ce9-b830-893a5fe7db56","language":"en","type":"string","value":"hello","left":false,"isLeft":false},{"id":"91aea7e3-c767-40fe-9511-055e2c328bce","language":"fr","type":"string","value":"hello","left":false,"isLeft":false},{"id":"78357090-bfb2-47d8-8fbf-bc35caef3409","language":"de","type":"string","value":"hello","left":false,"isLeft":false},{"id":"fc44e0fd-03d9-4002-a903-2067af819809","language":"es","type":"string","value":"hello","left":false,"isLeft":false}],"operator":{"id":"0ffe4b3a-0a75-40ce-901e-0a9d233b7ae2","name":"is"}}],"operands":[],"operator":null}],"operands":[],"operator":null},{"actions":[{"id":"7dd4fefd-552f-41ad-af91-ae533831eff8","type":"message","value":null,"message":[{"id":"5d9e5887-789e-497f-b182-404c33505533","language":"en","value":"{\"type\":\"text\",\"content\":\"Bye!\",\"markdown\":true,\"delay\":null,\"value\":\"Bye!\"}","directSkillTriggers":[""]},{"id":"1cf18ed5-00b4-4803-8f19-19a117e3253c","language":"en","value":"{\"type\":\"text\",\"content\":\"Goodbye!\",\"markdown\":true,\"delay\":null,\"value\":\"Goodbye!\"}","directSkillTriggers":[""]}],"position":0},{"id":"a93c1cd4-d6e3-46b4-be4d-4186ac59f0d2","type":"message","value":null,"message":[{"id":"b89fd163-a74b-4ae3-ba3a-110c912f363e","language":"de","value":"{\"type\":\"text\",\"content\":\"Auf Wiedersehen\",\"markdown\":true,\"delay\":null,\"value\":\"Auf Wiedersehen\"}","directSkillTriggers":[""]}],"position":1},{"id":"d1a8036d-1a2f-4f5e-b5aa-8f2ffbad36ea","type":"message","value":null,"message":[{"id":"f3e20c85-fa05-40ff-a3c8-716a5674bcf8","language":"es","value":"{\"type\":\"text\",\"content\":\"Adios\",\"markdown\":true,\"delay\":null,\"value\":\"Adios\"}","directSkillTriggers":[""]},{"id":"defa09a4-15e6-4ab8-ae96-ddd33500298b","language":"es","value":"{\"type\":\"text\",\"content\":\"Gracias, Adios!\",\"markdown\":true,\"delay\":null,\"value\":\"Gracias, Adios!\"}","directSkillTriggers":[""]},{"id":"82d31220-10e1-46b6-9fc7-7c1063e93e99","language":"es","value":"{\"type\":\"text\",\"content\":\"¡Hasta luego!\",\"markdown\":true,\"delay\":null,\"value\":\"¡Hasta luego!\"}","directSkillTriggers":[""]},{"id":"14d9b440-e11f-42c3-bce6-04de4f3f546d","language":"es","value":"{\"type\":\"text\",\"content\":\"¡No hay de qué!\",\"markdown\":true,\"delay\":null,\"value\":\"¡No hay de qué!\"}","directSkillTriggers":[""]},{"id":"33278036-01d7-4a15-9732-7e6414fdcf8f","language":"es","value":"{\"type\":\"text\",\"content\":\"¡Nos vemos!\",\"markdown\":true,\"delay\":null,\"value\":\"¡Nos vemos!\"}","directSkillTriggers":[""]},{"id":"25f2ec75-f2fd-4523-9a67-9506a9038e6a","language":"es","value":"{\"type\":\"text\",\"content\":\"¡Hasta la próxima!\",\"markdown\":true,\"delay\":null,\"value\":\"¡Hasta la próxima!\"}","directSkillTriggers":[""]}],"position":2},{"id":"82f2f8e6-2709-4ca1-8515-a609076dfed5","type":"message","value":null,"message":[{"id":"a943d4ab-80d9-4b85-b77e-8bf15b973c40","language":"fr","value":"{\"type\":\"text\",\"content\":\"Au revoir\",\"markdown\":true,\"delay\":null}","directSkillTriggers":[""]},{"id":"c902740f-ad7d-4160-9a2f-541fe04f6bd0","language":"fr","value":"{\"type\":\"text\",\"content\":\"À bientôt\",\"markdown\":true,\"delay\":null,\"value\":\"À bientôt\"}","directSkillTriggers":[""]}],"position":3}],"position":1,"id":"db13b911-b487-4ce6-84f4-2368c448b50d","type":"and","children":[{"actions":[],"position":0,"id":"b4811a2d-ef3d-4fe5-87a4-958ba71a7a84","type":"and","children":[{"actions":[],"position":0,"id":"d9efb0b3-425e-4abc-9e73-61dfcdc03f9f","type":"data","children":[],"operands":[{"id":"038cc726-f4e3-44b8-b467-b901fe937e87","language":null,"type":"interpreted","value":"?qna.disambiguations.0.slug","left":true,"isLeft":true},{"id":"5f61192f-4a5b-4aed-be55-93de2dcbb59a","language":"en","type":"string","value":"goodbye","left":false,"isLeft":false},{"id":"11564ea2-63aa-473b-b97a-ebd65a1da1f2","language":"fr","type":"string","value":"goodbye","left":false,"isLeft":false},{"id":"38d2e0bd-d20c-46d7-861c-e61da27595cb","language":"de","type":"string","value":"goodbye","left":false,"isLeft":false},{"id":"0a9eaede-e827-4a01-a3e4-378290d0f2f0","language":"es","type":"string","value":"goodbye","left":false,"isLeft":false}],"operator":{"id":"0ffe4b3a-0a75-40ce-901e-0a9d233b7ae2","name":"is"}}],"operands":[],"operator":null}],"operands":[],"operator":null},{"actions":[{"id":"00ca567e-392f-424a-aad5-e29d5efbb6c5","type":"message","value":null,"message":[{"id":"14c98710-71e8-4972-a4b7-8fb1680db36e","language":"en","value":"{\"type\":\"text\",\"content\":\"Happy to help!\",\"markdown\":true,\"delay\":null,\"value\":\"Happy to help!\"}","directSkillTriggers":[""]},{"id":"53477951-95b9-4ed4-8888-a93b8194b217","language":"en","value":"{\"type\":\"text\",\"content\":\"You are welcome!\",\"markdown\":true,\"delay\":null,\"value\":\"You are welcome!\"}","directSkillTriggers":[""]},{"id":"7936082f-491c-42bf-b3f0-843d82020505","language":"en","value":"{\"type\":\"text\",\"content\":\"Just doing my job\",\"markdown\":true,\"delay\":null,\"value\":\"Just doing my job\"}","directSkillTriggers":[""]}],"position":0},{"id":"77ba6371-439a-4a5f-96e3-0da687594366","type":"message","value":null,"message":[{"id":"ae112aa8-6649-4946-ba41-551db0867dd8","language":"fr","value":"{\"type\":\"text\",\"content\":\"Merci !\",\"markdown\":true,\"delay\":null}","directSkillTriggers":[""]},{"id":"a4795592-2291-46ff-a163-213dc8ca0628","language":"fr","value":"{\"type\":\"text\",\"content\":\"Avec plaisir\",\"markdown\":true,\"delay\":null,\"value\":\"Avec plaisir\"}","directSkillTriggers":[""]}],"position":1},{"id":"008f9ad3-4580-47b4-9d45-9958ce763789","type":"message","value":null,"message":[{"id":"bd3ae1f4-70b2-43c1-a280-8559e2ff4b9f","language":"es","value":"{\"type\":\"text\",\"content\":\"De nada, solo hago mi trabajo!\",\"markdown\":true,\"delay\":null,\"value\":\"De nada, solo hago mi trabajo!\"}","directSkillTriggers":[""]},{"id":"6b6e8f7c-dd07-41de-8558-42ed84bd336b","language":"es","value":"{\"type\":\"text\",\"content\":\"Encantado en ayudarte.\",\"markdown\":true,\"delay\":null,\"value\":\"Encantado en ayudarte.\"}","directSkillTriggers":[""]},{"id":"c6b3b631-c292-4a2a-a365-3daafc437269","language":"es","value":"{\"type\":\"text\",\"content\":\"¡Feliz en poder ayudarte!\",\"markdown\":true,\"delay\":null,\"value\":\"¡Feliz en poder ayudarte!\"}","directSkillTriggers":[""]},{"id":"ad996c45-cf48-4571-a70e-646002f4e9f7","language":"es","value":"{\"type\":\"text\",\"content\":\"De nada, solo hago mi trabajo!\",\"markdown\":true,\"delay\":null,\"value\":\"De nada, solo hago mi trabajo!\"}","directSkillTriggers":[""]},{"id":"22491ba2-d72c-4cd6-a2f4-d72efc6ddd76","language":"es","value":"{\"type\":\"text\",\"content\":\"¡De nada!\",\"markdown\":true,\"delay\":null,\"value\":\"¡De nada!\"}","directSkillTriggers":[""]}],"position":2},{"id":"b22aadec-4dfe-4cb7-923a-6137f541878c","type":"message","value":null,"message":[{"id":"c3071546-232a-4934-9bb3-937220f8422f","language":"de","value":"{\"type\":\"text\",\"content\":\"Ich helfe gerne!\",\"markdown\":true,\"delay\":null,\"value\":\"Ich helfe gerne!\"}","directSkillTriggers":[""]},{"id":"befc269d-d390-4927-a931-8a7ce4caa5e3","language":"de","value":"{\"type\":\"text\",\"content\":\"Ich mache nur meine Arbeit.\",\"markdown\":true,\"delay\":null,\"value\":\"Ich mache nur meine Arbeit.\"}","directSkillTriggers":[""]},{"id":"e583e0da-8e22-4c5d-b592-c3b272069217","language":"de","value":"{\"type\":\"text\",\"content\":\"Gern geschehen\",\"markdown\":true,\"delay\":null,\"value\":\"Gern geschehen\"}","directSkillTriggers":[""]}],"position":3}],"position":2,"id":"e3a421b2-5f90-42f1-a265-439231122021","type":"and","children":[{"actions":[],"position":0,"id":"f582b7d4-ce00-41dc-bd48-ffe505cf5cd4","type":"and","children":[{"actions":[],"position":0,"id":"7eb78f43-664c-47f2-90c2-23dda7c7d22f","type":"data","children":[],"operands":[{"id":"91d354e9-e30d-452f-91a2-8b598381e462","language":null,"type":"interpreted","value":"?qna.disambiguations.0.slug","left":true,"isLeft":true},{"id":"993093cc-e097-4b87-b0ee-14ddb6b6db13","language":"en","type":"string","value":"thank you","left":false,"isLeft":false},{"id":"71cc43b1-fb37-4472-8910-ab6dc22e3437","language":"fr","type":"string","value":"thank you","left":false,"isLeft":false},{"id":"03f77bb0-5b58-4db9-9d72-ec34475551c1","language":"de","type":"string","value":"thank you","left":false,"isLeft":false},{"id":"bd3dc99b-ec1e-40c4-aaca-4900219142f4","language":"es","type":"string","value":"thank you","left":false,"isLeft":false}],"operator":{"id":"0ffe4b3a-0a75-40ce-901e-0a9d233b7ae2","name":"is"}}],"operands":[],"operator":null}],"operands":[],"operator":null}],"operands":[],"operator":null}},{"id":"17a1f710-329e-4aca-a735-da0bf8a34964","requirement":null,"out_condition":{"actions":[],"position":0,"id":"c060850e-9a0b-4feb-b61f-7cb6b2457cbb","type":"all","children":[{"actions":[{"id":"a14d04e2-af24-4543-a760-2ddce4cb6dda","type":"message","value":null,"message":[{"id":"9e5a72ee-eb10-4f3e-8b46-0ce31d6750ff","language":"en","value":"{\"type\":\"quickReplies\",\"content\":{\"title\":\"Did this answer your question?\\t\",\"buttons\":[{\"value\":\"Yes\",\"title\":\"Yes\"},{\"value\":\"No\",\"title\":\"No\"}]},\"markdown\":true,\"delay\":null,\"value\":{\"title\":\"Did this answer your question?\\t\",\"buttons\":[{\"value\":\"Yes\",\"title\":\"Yes\"},{\"value\":\"No\",\"title\":\"No\"}]}}","directSkillTriggers":[""]}],"position":0},{"id":"a086d67a-d5f9-4305-9a93-c811b8f8af6f","type":"message","value":null,"message":[{"id":"70db44a3-c127-44ba-8004-353e9631c1d8","language":"de","value":"{\"type\":\"quickReplies\",\"content\":{\"title\":\"Hat Ihnen diese Antwort weitergeholfen?\\n\",\"buttons\":[{\"value\":\"Ja\",\"title\":\"Ja\"},{\"value\":\"Nein\",\"title\":\"Nein\"}]},\"markdown\":true,\"delay\":null,\"value\":{\"title\":\"Hat Ihnen diese Antwort weitergeholfen?\\n\",\"buttons\":[{\"value\":\"Ja\",\"title\":\"Ja\"},{\"value\":\"Nein\",\"title\":\"Nein\"}]}}","directSkillTriggers":[""]}],"position":1},{"id":"0736b464-8ed3-4915-8bba-cae55dd48517","type":"message","value":null,"message":[{"id":"60076e56-58eb-40e0-b4ee-e8bfee8bd63d","language":"es","value":"{\"type\":\"quickReplies\",\"content\":{\"title\":\"¿Ha quedado contestada su pregunta?\",\"buttons\":[{\"value\":\"Si\",\"title\":\"Si\"},{\"value\":\"No\",\"title\":\"No\"}]},\"markdown\":true,\"delay\":null,\"value\":{\"title\":\"¿Ha quedado contestada su pregunta?\",\"buttons\":[{\"value\":\"Si\",\"title\":\"Si\"},{\"value\":\"No\",\"title\":\"No\"}]}}","directSkillTriggers":[""]},{"id":"65f5da20-19ad-4c6c-bd28-744f79cc5890","language":"es","value":"{\"type\":\"quickReplies\",\"content\":{\"title\":\"¿Está satisfecho con la respuesta?\",\"buttons\":[{\"value\":\"Si\",\"title\":\"Si\"},{\"value\":\"No\",\"title\":\"No\"}]},\"markdown\":true,\"delay\":null,\"value\":{\"title\":\"¿Está satisfecho con la respuesta?\",\"buttons\":[{\"value\":\"Si\",\"title\":\"Si\"},{\"value\":\"No\",\"title\":\"No\"}]}}","directSkillTriggers":[""]}],"position":2},{"id":"7eac99cb-48e4-4e03-a785-c968c01dc523","type":"message","value":null,"message":[{"id":"47cccecb-8e77-4277-b693-2204e0be0076","language":"fr","value":"{\"type\":\"quickReplies\",\"content\":{\"title\":\"Est-ce que cela a répondu à votre question?\",\"buttons\":[{\"value\":\"Oui\",\"title\":\"Oui\"},{\"value\":\"Non\",\"title\":\"Non\"}]},\"markdown\":true,\"delay\":null,\"value\":{\"title\":\"Est-ce que cela a répondu à votre question?\",\"buttons\":[{\"value\":\"Oui\",\"title\":\"Oui\"},{\"value\":\"Non\",\"title\":\"Non\"}]}}","directSkillTriggers":[""]}],"position":3},{"id":"7318c41b-5c10-45ab-a6bd-cc4a4922d0b1","type":"edit_memory","value":"{\"set\":[{\"field\":\"collect_response\",\"value\":true}],\"reset\":false,\"unset\":[]}","message":[],"position":4}],"position":0,"id":"31d98304-1575-4972-9a48-21a7bd636e77","type":"and","children":[],"operands":[],"operator":null}],"operands":[],"operator":null}},{"id":"6839cfbc-e6bd-42a9-b1ed-4f04eecdd303","requirement":null,"out_condition":{"actions":[],"position":0,"id":"efe6e913-43a3-47e5-9ff2-2956716c8c29","type":"all","children":[{"actions":[{"id":"b4b4a9c3-4221-4863-9784-22d62c9b10d9","type":"message","value":null,"message":[{"id":"63c520e5-6b7a-46d7-8a9e-6068340e7443","language":"en","value":"{\"type\":\"text\",\"content\":\"**{{qna.faq.answers.0.question}}**\\n{{qna.faq.answers.0.answer}}\",\"markdown\":true,\"delay\":null}","directSkillTriggers":[""]}],"position":0},{"id":"62fccfa5-0f93-4679-9afe-bc732b71b86f","type":"message","value":null,"message":[{"id":"c5168a8d-6897-47ff-b9ca-e9e71998ce13","language":"de","value":"{\"type\":\"text\",\"content\":\"**{{qna.faq.answers.0.question}}**\\n{{qna.faq.answers.0.answer}}\",\"markdown\":true,\"delay\":null}","directSkillTriggers":[""]}],"position":1},{"id":"fb667c08-a22f-4a03-aee7-b40ce2ea926a","type":"message","value":null,"message":[{"id":"f55b8d64-b5b0-416f-9e06-54a115ce32a9","language":"es","value":"{\"type\":\"text\",\"content\":\"**{{qna.faq.answers.0.question}}**\\n{{qna.faq.answers.0.answer}}\",\"markdown\":true,\"delay\":null}","directSkillTriggers":[""]}],"position":2},{"id":"8eb7a57a-b1a4-43e4-8133-349ce07a4a92","type":"message","value":null,"message":[{"id":"340b61fc-ba4a-43eb-abdb-05e9e3173c49","language":"fr","value":"{\"type\":\"text\",\"content\":\"**{{qna.faq.answers.0.question}}**\\n{{qna.faq.answers.0.answer}}\",\"markdown\":true,\"delay\":null}","directSkillTriggers":[""]}],"position":3},{"id":"cc706c56-4788-4580-b81b-726a71a5b6da","type":"goto","value":"17a1f710-329e-4aca-a735-da0bf8a34964","message":[],"position":4}],"position":0,"id":"fea3ffaa-ca08-44d7-be7b-fc794d4175e6","type":"and","children":[{"actions":[],"position":0,"id":"1dba4ccd-17ae-4f20-ad49-b0092004f1d8","type":"or","children":[{"actions":[],"position":0,"id":"90d042c3-58a7-4347-9fae-f9a326eabdd4","type":"data","children":[],"operands":[{"id":"b63a2a6c-9f87-4e1b-8b57-ef5eaf1fe93a","language":null,"type":"interpreted","value":"?qna.faq.max_confidence","left":true,"isLeft":true},{"id":"bef14ac0-ee01-4363-9eae-e81a6f05bd28","language":"en","type":"string","value":".9","left":false,"isLeft":false},{"id":"cae3e878-116d-4628-86af-b46c298168d6","language":"fr","type":"string","value":".9","left":false,"isLeft":false},{"id":"e0c2d35f-586c-42c1-ac26-9f13d2618c6d","language":"de","type":"string","value":".9","left":false,"isLeft":false},{"id":"05ca8826-0ba7-4088-8b17-8ab950e2c3a6","language":"es","type":"string","value":".9","left":false,"isLeft":false}],"operator":{"id":"be95d187-2fd2-4888-a0cc-03743b92d0cb","name":"greater-than"}},{"actions":[],"position":1,"id":"29e19d38-c9cb-4e66-8c80-66740679917f","type":"data","children":[],"operands":[{"id":"5e3601e3-fea6-4a06-bb17-5c128684d56f","language":null,"type":"interpreted","value":"?qna.faq.max_confidence","left":true,"isLeft":true},{"id":"ef8641b6-7d11-4cb7-8401-f4797f226644","language":"en","type":"string","value":".9","left":false,"isLeft":false},{"id":"66000763-4131-4dd1-a38c-6a8ba7df0f0a","language":"fr","type":"string","value":".9","left":false,"isLeft":false},{"id":"a379c198-e146-453b-8731-1348a23e246e","language":"de","type":"string","value":".9","left":false,"isLeft":false},{"id":"48a3499a-5232-4500-80fe-f0bb3ad4eee1","language":"es","type":"string","value":".9","left":false,"isLeft":false}],"operator":{"id":"0ffe4b3a-0a75-40ce-901e-0a9d233b7ae2","name":"is"}}],"operands":[],"operator":null}],"operands":[],"operator":null},{"actions":[{"id":"00cf041e-ec1d-43fa-b7b7-d640e888d166","type":"message","value":null,"message":[{"id":"e7043295-0737-4e13-9a50-18de248a63cf","language":"en","value":"{\"type\":\"quickReplies\",\"content\":{\"title\":\"**Did you mean to ask?**\\n\\n1) {{qna.faq.answers.0.question}}\\n\\n2) {{qna.faq.answers.1.question}}\\n\\n3) {{qna.faq.answers.2.question}}\",\"buttons\":[{\"value\":\"{{qna.faq.answers.0.question}}\",\"title\":\"Q1\"},{\"value\":\"{{qna.faq.answers.1.question}}\",\"title\":\"Q2\"},{\"value\":\"{{qna.faq.answers.2.question}}\",\"title\":\"Q3\"}]},\"markdown\":true,\"delay\":null,\"value\":{\"title\":\"Did you mean to ask?\\n\\n1) {{qna.faq.answers.0.question}}\\n\\n2) {{qna.faq.answers.1.question}}\\n\\n3) {{qna.faq.answers.2.question}}\",\"buttons\":[{\"value\":\"{{qna.faq.answers.0.question}}\",\"title\":\"Q1\"},{\"value\":\"{{qna.faq.answers.1.question}}\",\"title\":\"Q2\"},{\"value\":\"{{qna.faq.answers.2.question}}\",\"title\":\"Q3\"}]}}","directSkillTriggers":[""]}],"position":0},{"id":"732b3529-e00e-4976-a3be-2527e6679a79","type":"message","value":null,"message":[{"id":"1cf7fe39-e85c-4808-ba87-22a3af632a56","language":"de","value":"{\"type\":\"quickReplies\",\"content\":{\"title\":\"**Meinten Sie?**\\n\\n1) {{qna.faq.answers.0.question}}\\n\\n2) {{qna.faq.answers.1.question}}\\n\\n3) {{qna.faq.answers.2.question}}\",\"buttons\":[{\"value\":\"{{qna.faq.answers.0.question}}\",\"title\":\"Q1\"},{\"value\":\"{{qna.faq.answers.1.question}}\",\"title\":\"Q2\"},{\"value\":\"{{qna.faq.answers.2.question}}\",\"title\":\"Q3\"}]},\"markdown\":true,\"delay\":null,\"value\":{\"title\":\"Meinten Sie?\\n\\n1) {{qna.faq.answers.0.question}}\\n\\n2) {{qna.faq.answers.1.question}}\\n\\n3) {{qna.faq.answers.2.question}}\",\"buttons\":[{\"value\":\"{{qna.faq.answers.0.question}}\",\"title\":\"Q1\"},{\"value\":\"{{qna.faq.answers.1.question}}\",\"title\":\"Q2\"},{\"value\":\"{{qna.faq.answers.2.question}}\",\"title\":\"Q3\"}]}}","directSkillTriggers":[""]}],"position":1},{"id":"734201b7-4718-40a4-9e70-a6c027e3210a","type":"message","value":null,"message":[{"id":"4900675c-f25f-4768-b8d4-7d670ec8a99f","language":"es","value":"{\"type\":\"quickReplies\",\"content\":{\"title\":\"**¿Quiere usted decir?**\\n\\n1) {{qna.faq.answers.0.question}}\\n\\n2) {{qna.faq.answers.1.question}}\\n\\n3) {{qna.faq.answers.2.question}}\",\"buttons\":[{\"value\":\"{{qna.faq.answers.0.question}}\",\"title\":\"Q1\"},{\"value\":\"{{qna.faq.answers.1.question}}\",\"title\":\"Q2\"},{\"value\":\"{{qna.faq.answers.2.question}}\",\"title\":\"Q3\"}]},\"markdown\":true,\"delay\":null,\"value\":{\"title\":\"¿Quiere usted decir?\\n\\n1) {{qna.faq.answers.0.question}}\\n\\n2) {{qna.faq.answers.1.question}}\\n\\n3) {{qna.faq.answers.2.question}}\",\"buttons\":[{\"value\":\"{{qna.faq.answers.0.question}}\",\"title\":\"Q1\"},{\"value\":\"{{qna.faq.answers.1.question}}\",\"title\":\"Q2\"},{\"value\":\"{{qna.faq.answers.2.question}}\",\"title\":\"Q3\"}]}}","directSkillTriggers":[""]}],"position":2},{"id":"52063f10-5503-40cc-a5bc-b044b2968d74","type":"message","value":null,"message":[{"id":"f15b3b90-c6ad-4b8c-b68a-115363ac0ee9","language":"fr","value":"{\"type\":\"quickReplies\",\"content\":{\"title\":\"**Vous vouliez demander?**\\n\\n1) {{qna.faq.answers.0.question}}\\n\\n2) {{qna.faq.answers.1.question}}\\n\\n3) {{qna.faq.answers.2.question}}\",\"buttons\":[{\"value\":\"{{qna.faq.answers.0.question}}\",\"title\":\"Q1\"},{\"value\":\"{{qna.faq.answers.1.question}}\",\"title\":\"Q2\"},{\"value\":\"{{qna.faq.answers.2.question}}\",\"title\":\"Q3\"}]},\"markdown\":true,\"delay\":null,\"value\":{\"title\":\"Vous vouliez demander? \\n\\n1) {{qna.faq.answers.0.question}}\\n\\n2) {{qna.faq.answers.1.question}}\\n\\n3) {{qna.faq.answers.2.question}}\",\"buttons\":[{\"value\":\"{{qna.faq.answers.0.question}}\",\"title\":\"Q1\"},{\"value\":\"{{qna.faq.answers.1.question}}\",\"title\":\"Q2\"},{\"value\":\"{{qna.faq.answers.2.question}}\",\"title\":\"Q3\"}]}}","directSkillTriggers":[""]}],"position":3}],"position":1,"id":"aa3bf1ca-928b-4719-a28c-085a891479c1","type":"and","children":[{"actions":[],"position":0,"id":"6b087061-3b82-497b-8aee-db75e57d0646","type":"and","children":[{"actions":[],"position":0,"id":"d5b33136-7f70-4fb2-96d8-2be06c610550","type":"data","children":[],"operands":[{"id":"a2bd1726-d222-4b50-aed4-3ce8dbf0824b","language":null,"type":"interpreted","value":"?qna.faq.max_confidence","left":true,"isLeft":true},{"id":"7743c941-36a0-4ce5-9805-cd07267b20ce","language":"en","type":"string","value":".9","left":false,"isLeft":false},{"id":"549a00c4-5c39-481b-819a-884ca1493974","language":"fr","type":"string","value":".9","left":false,"isLeft":false},{"id":"d5ba1577-eb0f-4677-9037-f6fe416d740c","language":"de","type":"string","value":".9","left":false,"isLeft":false},{"id":"4febfa0e-5f8b-4917-888d-36f5d0220fb3","language":"es","type":"string","value":".9","left":false,"isLeft":false}],"operator":{"id":"edfdcfce-a3ff-486e-a6ee-8ed7293e5fef","name":"lower-than"}},{"actions":[],"position":1,"id":"4bf24a71-5859-4662-b772-5732a32a3896","type":"data","children":[],"operands":[{"id":"3b2e83e6-77f3-4dad-b3ed-dae667d26a1d","language":null,"type":"interpreted","value":"?qna.faq.max_confidence","left":true,"isLeft":true},{"id":"18dce563-8fd5-40fe-bfbc-05eb18eb978a","language":"en","type":"string","value":".05","left":false,"isLeft":false},{"id":"1aa73eb8-3f67-426d-afd0-865daca58847","language":"fr","type":"string","value":".05","left":false,"isLeft":false},{"id":"d46f0e73-6130-46b4-a723-64efa48b19b7","language":"de","type":"string","value":".05","left":false,"isLeft":false},{"id":"066d1281-b9aa-4fa1-8fc7-159e9657b1fa","language":"es","type":"string","value":".05","left":false,"isLeft":false}],"operator":{"id":"be95d187-2fd2-4888-a0cc-03743b92d0cb","name":"greater-than"}}],"operands":[],"operator":null}],"operands":[],"operator":null},{"actions":[{"id":"a986f151-5d1f-4510-add0-ec298acbadd2","type":"message","value":null,"message":[{"id":"08a594f5-9f36-424a-b7b1-35f35aa1b56b","language":"fr","value":"{\"type\":\"text\",\"content\":\"Je n'ai pas pu trouver ce que vous cherchiez dans mon document.\",\"markdown\":true,\"delay\":null,\"value\":\"Je n'ai pas pu trouver ce que vous cherchiez dans mon document.\"}","directSkillTriggers":[""]}],"position":0},{"id":"577c909e-4daa-4d94-a854-858a5b41db97","type":"message","value":null,"message":[{"id":"8cac8ad7-57a0-4a9d-9ce0-da23fa3c7f5a","language":"es","value":"{\"type\":\"text\",\"content\":\"¡Lo siento! No puede encontrar lo que estabas buscando en el documento.\",\"markdown\":true,\"delay\":null,\"value\":\"¡Lo siento! No puede encontrar lo que estabas buscando en el documento.\"}","directSkillTriggers":[""]}],"position":1},{"id":"4974fa18-90a7-4511-a4d6-9cce5bd18435","type":"message","value":null,"message":[{"id":"6936aa5e-0580-4d74-92d4-8b21232ae018","language":"en","value":"{\"type\":\"text\",\"content\":\"I was not able to find what you were looking for in my document.\",\"markdown\":true,\"delay\":null,\"value\":\"I was not able to find what you were looking for in my document.\"}","directSkillTriggers":[""]}],"position":2},{"id":"19ecf5a3-db86-475d-b595-7ee0bc19354f","type":"message","value":null,"message":[{"id":"34e6cf62-eb6c-4ad4-992f-201502f5f8a6","language":"de","value":"{\"type\":\"text\",\"content\":\"Ich konnte in meinem Dokument nicht finden, was Sie gesucht haben.\",\"markdown\":true,\"delay\":null,\"value\":\"Ich konnte in meinem Dokument nicht finden, was Sie gesucht haben.\"}","directSkillTriggers":[""]}],"position":3}],"position":2,"id":"d3c821da-41b7-4876-9604-b3e9f99d5adb","type":"and","children":[{"actions":[],"position":0,"id":"453663fa-d06d-4535-be76-9bbe249037b9","type":"or","children":[{"actions":[],"position":0,"id":"e2312c3b-b7d1-4fd7-9620-0c44b8972ff1","type":"data","children":[],"operands":[{"id":"306d6c4e-2bfc-4474-b8c1-60bb09fe156d","language":null,"type":"interpreted","value":"?qna.faq.max_confidence","left":true,"isLeft":true},{"id":"756de5e5-cc15-4b57-8a89-725914db4d68","language":"en","type":"string","value":".05","left":false,"isLeft":false},{"id":"b5e84cea-6269-418d-8406-a2b1f9439312","language":"fr","type":"string","value":".05","left":false,"isLeft":false},{"id":"bb7f3587-fa81-4770-8c51-b097e3371b44","language":"de","type":"string","value":".05","left":false,"isLeft":false},{"id":"a3a69dfc-4d3c-4f2f-877f-afb31cd49b84","language":"es","type":"string","value":".05","left":false,"isLeft":false}],"operator":{"id":"edfdcfce-a3ff-486e-a6ee-8ed7293e5fef","name":"lower-than"}},{"actions":[],"position":1,"id":"a5e7af86-2e77-481d-af04-c8a4b80ffae8","type":"data","children":[],"operands":[{"id":"cd0052e8-e735-4ef2-b14d-31eac7169e54","language":null,"type":"interpreted","value":"?qna.faq.max_confidence","left":true,"isLeft":true},{"id":"a751cea8-207a-4a59-8b9d-509200894b46","language":"en","type":"string","value":".05","left":false,"isLeft":false},{"id":"d8f2e269-9dd3-4782-a38e-7b2677cde7f3","language":"fr","type":"string","value":".05","left":false,"isLeft":false},{"id":"1fc584e5-0732-4f88-ab0a-ffa1f0196da7","language":"de","type":"string","value":".05","left":false,"isLeft":false},{"id":"78d8e85f-d9c5-48a5-b63e-1fd3d68089b7","language":"es","type":"string","value":".05","left":false,"isLeft":false}],"operator":{"id":"0ffe4b3a-0a75-40ce-901e-0a9d233b7ae2","name":"is"}}],"operands":[],"operator":null}],"operands":[],"operator":null}],"operands":[],"operator":null}},{"id":"95356892-223f-43f0-bf81-2ab9e6e1302e","requirement":null,"out_condition":{"actions":[],"position":0,"id":"98b7f04d-d1d7-4a13-b520-162203985750","type":"all","children":[{"actions":[{"id":"35caf832-1763-4962-bb8a-92d55c2afa79","type":"message","value":null,"message":[{"id":"a00774aa-c524-4cf6-9ed7-320144b20c75","language":"de","value":"{\"type\":\"text\",\"content\":\"Großartig, zögern Sie nicht, eine weitere Frage zu stellen.\",\"markdown\":false,\"delay\":null}","directSkillTriggers":[""]},{"id":"25fb9b20-60fe-4e3a-87ac-783d640a4866","language":"de","value":"{\"type\":\"text\",\"content\":\"Ich helfe gerne\",\"markdown\":true,\"delay\":null,\"value\":\"Ich helfe gerne\"}","directSkillTriggers":[""]}],"position":0},{"id":"9f8633da-be2d-4d37-885f-f625a0fe3a7e","type":"message","value":null,"message":[{"id":"af9950de-26f3-4b5d-8ce9-085ef1a28243","language":"en","value":"{\"type\":\"text\",\"content\":\"Great, feel free to ask another question\",\"markdown\":true,\"delay\":null,\"value\":\"Great, feel free to ask another question\"}","directSkillTriggers":[""]},{"id":"2cde9b53-5100-45c3-9f5d-d4b99072f015","language":"en","value":"{\"type\":\"text\",\"content\":\"Happy to help!\\n\",\"markdown\":true,\"delay\":null,\"value\":\"Happy to help!\\n\"}","directSkillTriggers":[""]}],"position":1},{"id":"6d97275c-a824-4754-83a5-cafe34f0e9b5","type":"message","value":null,"message":[{"id":"590dacd7-025d-47a8-b4d7-39a683075846","language":"es","value":"{\"type\":\"text\",\"content\":\"¡Feliz en poder ayudarte!\",\"markdown\":true,\"delay\":null,\"value\":\"¡Feliz en poder ayudarte!\"}","directSkillTriggers":[""]},{"id":"73ef55fa-e37d-4ed1-a534-1da05b324dfc","language":"es","value":"{\"type\":\"text\",\"content\":\"Encantado en ayudarte.\",\"markdown\":true,\"delay\":null,\"value\":\"Encantado en ayudarte.\"}","directSkillTriggers":[""]},{"id":"92b3c01f-5557-4a3b-80f9-a83418498eaf","language":"es","value":"{\"type\":\"text\",\"content\":\"Genial, no dudes en hacer otra pregunta.\",\"markdown\":true,\"delay\":null,\"value\":\"Genial, no dudes en hacer otra pregunta.\"}","directSkillTriggers":[""]}],"position":2},{"id":"60dcdb7c-413d-476a-89e1-94e8a6977b2a","type":"message","value":null,"message":[{"id":"2ec374bd-fd96-4a09-8211-13f094264f2b","language":"fr","value":"{\"type\":\"text\",\"content\":\"Merci\",\"markdown\":true,\"delay\":null,\"value\":\"Merci\"}","directSkillTriggers":[""]}],"position":3}],"position":0,"id":"ff9c7535-ece7-47ee-a242-565f7f8bd7e2","type":"and","children":[{"actions":[],"position":0,"id":"3d64c86c-f898-4623-b3d8-6b2104459aec","type":"and","children":[{"actions":[],"position":0,"id":"59115871-3f62-4397-921d-ed1233ec52f0","type":"data","children":[],"operands":[{"id":"4d41396e-7110-4210-aea7-98d7b49d1b7c","language":null,"type":"interpreted","value":"?qna.disambiguations.0.slug","left":true,"isLeft":true},{"id":"744dc3c3-ae77-485f-a23d-68236d768aa7","language":"en","type":"string","value":"yes","left":false,"isLeft":false},{"id":"08d91982-74cd-4467-a646-3511ea4fa8a8","language":"fr","type":"string","value":"yes","left":false,"isLeft":false},{"id":"3547d994-c330-4128-94bf-3af6b1cde266","language":"de","type":"string","value":"yes","left":false,"isLeft":false},{"id":"9f62cac6-84eb-4856-a3ba-6623ede994b6","language":"es","type":"string","value":"yes","left":false,"isLeft":false}],"operator":{"id":"0ffe4b3a-0a75-40ce-901e-0a9d233b7ae2","name":"is"}}],"operands":[],"operator":null}],"operands":[],"operator":null},{"actions":[{"id":"681a27c2-3af1-431f-9f39-8dff0d2940ab","type":"message","value":null,"message":[{"id":"c59b75b4-5645-4de4-b2eb-b8fc31337c1a","language":"de","value":"{\"type\":\"text\",\"content\":\"Vielen Dank für Ihr Feedback.\",\"markdown\":true,\"delay\":null,\"value\":\"Vielen Dank für Ihr Feedback.\"}","directSkillTriggers":[""]},{"id":"02511d95-c7f6-4640-bdaf-f5de0588fdc5","language":"de","value":"{\"type\":\"text\",\"content\":\"Sorry, ich konnte nicht finden, was Sie gesucht haben.\",\"markdown\":true,\"delay\":null,\"value\":\"Sorry, ich konnte nicht finden, was Sie gesucht haben.\"}","directSkillTriggers":[""]}],"position":0},{"id":"7d75fa4b-3478-4cb1-a244-40c295a6f473","type":"message","value":null,"message":[{"id":"6b4d0ca8-a0c8-423d-80d6-fa8e0b2ea433","language":"en","value":"{\"type\":\"text\",\"content\":\"Thank you for your feedback\",\"markdown\":true,\"delay\":null,\"value\":\"Thank you for your feedback\"}","directSkillTriggers":[""]},{"id":"9be4f8a2-c1f8-4813-b7d0-8656bdeccf6b","language":"en","value":"{\"type\":\"text\",\"content\":\"Sorry, I couldn't find what you were looking for\",\"markdown\":true,\"delay\":null,\"value\":\"Sorry, I couldn't find what you were looking for\"}","directSkillTriggers":[""]}],"position":1},{"id":"d035c103-fecc-47be-b24d-eb9f59a5af34","type":"message","value":null,"message":[{"id":"4a573032-63cd-4435-8213-f094499a88d1","language":"es","value":"{\"type\":\"text\",\"content\":\"Gracias por tus comentarios.\",\"markdown\":true,\"delay\":null,\"value\":\"Gracias por tus comentarios.\"}","directSkillTriggers":[""]},{"id":"1956d557-778e-45ae-8224-c7a963f92042","language":"es","value":"{\"type\":\"text\",\"content\":\"¡Lo siento! No puede encontrar lo que estabas buscando.\",\"markdown\":true,\"delay\":null,\"value\":\"¡Lo siento! No puede encontrar lo que estabas buscando.\"}","directSkillTriggers":[""]}],"position":2},{"id":"e9256a32-df39-450e-afd0-7c92523e1736","type":"message","value":null,"message":[{"id":"72605267-3c56-47d0-9512-103c0d919986","language":"fr","value":"{\"type\":\"text\",\"content\":\"J'améliorerai.\",\"markdown\":true,\"delay\":null,\"value\":\"J'améliorerai.\"}","directSkillTriggers":[""]}],"position":3}],"position":1,"id":"9e369e30-30a8-4606-94e1-28171021a1c2","type":"and","children":[{"actions":[],"position":0,"id":"7d2bdf91-69ce-49c7-93ac-66e54bb3672a","type":"and","children":[{"actions":[],"position":0,"id":"5753bade-4253-42b8-824f-0bdf4823f73c","type":"data","children":[],"operands":[{"id":"f91cefd3-0083-47e4-91e6-dc2d05091796","language":null,"type":"interpreted","value":"?qna.disambiguations.0.slug","left":true,"isLeft":true},{"id":"a9245ea4-7635-4dcc-9af1-10dbb51480b0","language":"en","type":"string","value":"no","left":false,"isLeft":false},{"id":"d4d484d1-b422-4ffe-a7e0-1919dad169c4","language":"fr","type":"string","value":"no","left":false,"isLeft":false},{"id":"8c8fcf3a-4abb-4a80-b3d7-2b7181476726","language":"de","type":"string","value":"no","left":false,"isLeft":false},{"id":"e7611073-09ff-4124-9598-68fa854a33eb","language":"es","type":"string","value":"no","left":false,"isLeft":false}],"operator":{"id":"0ffe4b3a-0a75-40ce-901e-0a9d233b7ae2","name":"is"}}],"operands":[],"operator":null}],"operands":[],"operator":null},{"actions":[{"id":"5c8b4d13-e52e-4db9-8bd6-2ef7d7ba83b3","type":"edit_memory","value":"{\"set\":[],\"reset\":true,\"unset\":[]}","message":[],"position":0}],"position":2,"id":"1e64e19a-480d-4ba9-b063-470f1de97e7c","type":"and","children":[],"operands":[],"operator":null}],"operands":[],"operator":null}}],"bot_id":"501ce072-1a7c-4363-bafb-6eb1d6ca83ad","version_id":"6d4cb271-e3d7-4c2c-ae20-859a0d4c05f1"}]}