{
  "uid" : "13aea651-32c3-4ea3-b96d-06cc01ef5156",
  "name" : "Config File",
  "description" : "Configuration File",
  "identifier" : "file0",
  "type" : "file",
  "visibility" : true,
  "header" : null,
  "validity" : true,
  "contents" : [ {
    "uid" : "d4dd39ec-dd0c-4e47-bd84-1a0bc4c2c2cf",
    "name" : "DynamicTemplate_OB22.xlsx",
    "mimeType" : "application/vnd.openxmlformats-officedocument.spreadsheetml.sheet",
    "size" : 9301,
    "lastUpdateRelease" : "2104.01"
  } ],
  "exportRelease" : "2105.02",
  "lastHeaderUpdateRelease" : "2101.00-rc6"
}