{
  "uid" : "2fad03d1-ecfd-4de0-a094-5f235f325094",
  "name" : "OB22",
  "description" : "List of additional currencies for Company Code (ECC) – OB22",
  "identifier" : "projectpane0",
  "type" : "projectpane",
  "visibility" : true,
  "header" : null,
  "validity" : true,
  "dependencies" : [ {
    "artifactUid" : "e094ccf5-fe1c-454b-8a7b-c9d001ffa1d2",
    "artifactContainerUid" : "3ed4e859-9968-4641-b62f-0bc0006b01fa"
  } ],
  "contents" : [ {
    "uid" : "886f9df2-a729-4372-bf95-8445e55e80bb",
    "name" : "content",
    "mimeType" : "application/json",
    "size" : 175,
    "lastUpdateRelease" : "2104.01"
  } ],
  "exportRelease" : "2105.02",
  "lastHeaderUpdateRelease" : "2101.00-rc6"
}