{
  "uid" : "2d45a3fe-331a-45e1-849a-3b343254cffd",
  "name" : "excelRead",
  "description" : "Reading Excel values",
  "identifier" : "excel_Read",
  "type" : "automation",
  "visibility" : true,
  "header" : {
    "inputs" : [ {
      "description" : "",
      "identifier" : "inputPath",
      "type" : "simple",
      "typeName" : "string",
      "typeValue" : "string",
      "dimension" : 0,
      "container" : null
    } ],
    "outputs" : [ {
      "description" : "",
      "identifier" : "excelFlag",
      "type" : "simple",
      "typeName" : "boolean",
      "typeValue" : "boolean",
      "dimension" : 0,
      "container" : null
    }, {
      "description" : "",
      "identifier" : "excelSystemData",
      "type" : "complex",
      "typeName" : "xlSystemDetails",
      "typeValue" : "$.e6798c4b-6827-42a1-bc91-fc524da07069",
      "dimension" : 0,
      "container" : {
        "projectUid" : "a1b9fd7d-c6fc-4efb-abdc-c00480d4a477"
      }
    } ],
    "maxDuration" : 600,
    "triggerable" : false,
    "hasAddJobSubAutomations" : false,
    "scriptUids" : [ ]
  },
  "validity" : true,
  "dependencies" : [ {
    "artifactUid" : "b2b39969-be3a-32e5-b4cb-3ebfacb6d3e5",
    "artifactContainerUid" : "5681787c-72b1-4102-a50c-b959824fae1d",
    "packageUid" : "105f6259-cdaf-414b-86ea-5bc670448046",
    "packageAlias" : "irpa_excel"
  }, {
    "artifactUid" : "9d97d190-ddae-3b68-bf21-ac94e6bc05e4",
    "artifactContainerUid" : "5681787c-72b1-4102-a50c-b959824fae1d",
    "packageUid" : "105f6259-cdaf-414b-86ea-5bc670448046",
    "packageAlias" : "irpa_excel"
  }, {
    "artifactUid" : "079265fd-0cc3-37ff-9896-ef34682a481b",
    "artifactContainerUid" : "5681787c-72b1-4102-a50c-b959824fae1d",
    "packageUid" : "105f6259-cdaf-414b-86ea-5bc670448046",
    "packageAlias" : "irpa_excel"
  }, {
    "artifactUid" : "e6798c4b-6827-42a1-bc91-fc524da07069",
    "artifactContainerUid" : "3ed4e859-9968-4641-b62f-0bc0006b01fa"
  }, {
    "artifactUid" : "ad8424e5-0004-31e8-b7c2-cd871847e3e3",
    "artifactContainerUid" : "5681787c-72b1-4102-a50c-b959824fae1d",
    "packageUid" : "105f6259-cdaf-414b-86ea-5bc670448046",
    "packageAlias" : "irpa_excel"
  }, {
    "artifactUid" : "aab5ad95-d8dd-3ea2-b24d-17c88b53b37c",
    "artifactContainerUid" : "82ffeffc-25ed-4fdd-936e-ccb6cbce6dc0",
    "packageUid" : "2dbcfd22-58ea-49a2-99d6-005f5bb902c3",
    "packageAlias" : "irpa_core"
  }, {
    "artifactUid" : "85f236e5-d0b7-3e67-8e0f-3ed749a46aee",
    "artifactContainerUid" : "82ffeffc-25ed-4fdd-936e-ccb6cbce6dc0",
    "packageUid" : "2dbcfd22-58ea-49a2-99d6-005f5bb902c3",
    "packageAlias" : "irpa_core"
  }, {
    "artifactUid" : "f2fee1f4-25ef-3451-a66b-11b328ea34f4",
    "artifactContainerUid" : "82ffeffc-25ed-4fdd-936e-ccb6cbce6dc0",
    "packageUid" : "2dbcfd22-58ea-49a2-99d6-005f5bb902c3",
    "packageAlias" : "irpa_core"
  } ],
  "contents" : [ {
    "uid" : "26989072-2d49-412c-83e4-6db0490d03f0",
    "name" : "content",
    "mimeType" : "application/json",
    "size" : 72203,
    "lastUpdateRelease" : "2104.01"
  } ],
  "exportRelease" : "2105.02",
  "lastHeaderUpdateRelease" : "2101.00"
}