{
  "uid" : "35721895-e990-41e8-9a4d-e0f958c91da0",
  "name" : "DynamicTemplate_FAGLL03.xlsx",
  "description" : "Configuration File",
  "identifier" : "file0",
  "type" : "file",
  "visibility" : true,
  "header" : null,
  "validity" : true,
  "contents" : [ {
    "uid" : "a1c9edcc-bd94-427a-b9eb-e2136dc0a21f",
    "name" : "DynamicTemplate_FAGLL03.xlsx",
    "mimeType" : "application/vnd.openxmlformats-officedocument.spreadsheetml.sheet",
    "size" : 10878,
    "lastUpdateRelease" : "2104.00"
  } ],
  "exportRelease" : "2105.02",
  "lastHeaderUpdateRelease" : "2101.00-rc6"
}