{
  "uid" : "172e1e88-f823-44bf-812d-4a6ad2515ffb",
  "name" : "SAPLogin",
  "identifier" : "sAPLogin",
  "type" : "automation",
  "visibility" : true,
  "header" : {
    "inputs" : [ {
      "description" : "",
      "identifier" : "ssoFlag",
      "type" : "simple",
      "typeName" : "string",
      "typeValue" : "string",
      "dimension" : 0,
      "container" : null
    }, {
      "description" : "",
      "identifier" : "client",
      "type" : "simple",
      "typeName" : "string",
      "typeValue" : "string",
      "dimension" : 0,
      "container" : null
    }, {
      "description" : "",
      "identifier" : "userName",
      "type" : "simple",
      "typeName" : "string",
      "typeValue" : "string",
      "dimension" : 0,
      "container" : null
    }, {
      "description" : "",
      "identifier" : "password",
      "type" : "simple",
      "typeName" : "string",
      "typeValue" : "string",
      "dimension" : 0,
      "container" : null
    }, {
      "description" : "",
      "identifier" : "systemID",
      "type" : "simple",
      "typeName" : "string",
      "typeValue" : "string",
      "dimension" : 0,
      "container" : null
    } ],
    "outputs" : [ {
      "description" : "",
      "identifier" : "logonFlag",
      "type" : "simple",
      "typeName" : "boolean",
      "typeValue" : "boolean",
      "dimension" : 0,
      "container" : null
    } ],
    "maxDuration" : 600,
    "triggerable" : false,
    "hasAddJobSubAutomations" : false,
    "scriptUids" : [ "30e3a9c7-eb8b-40ff-a0cf-9a13d9b83f4f", "66036f29-9270-48f9-a96c-1c47f8425b35", "3f8dd9b0-454e-48fe-90a9-15295fe9b443" ]
  },
  "validity" : true,
  "dependencies" : [ {
    "artifactUid" : "d828c1b3-b766-4ba9-b4c3-26c52a7c4326",
    "artifactContainerUid" : "3ed4e859-9968-4641-b62f-0bc0006b01fa"
  }, {
    "artifactUid" : "9cab8902-34c3-37f9-a6bb-8e55279e5195",
    "artifactContainerUid" : "82ffeffc-25ed-4fdd-936e-ccb6cbce6dc0",
    "packageUid" : "2dbcfd22-58ea-49a2-99d6-005f5bb902c3",
    "packageAlias" : "irpa_core"
  }, {
    "artifactUid" : "07658ca4-d4b6-4404-8801-c66e3bc7616e",
    "artifactContainerUid" : "3ed4e859-9968-4641-b62f-0bc0006b01fa"
  }, {
    "artifactUid" : "aab5ad95-d8dd-3ea2-b24d-17c88b53b37c",
    "artifactContainerUid" : "82ffeffc-25ed-4fdd-936e-ccb6cbce6dc0",
    "packageUid" : "2dbcfd22-58ea-49a2-99d6-005f5bb902c3",
    "packageAlias" : "irpa_core"
  }, {
    "artifactUid" : "ec029baf-9989-3475-ac71-29ec82435863",
    "artifactContainerUid" : "82ffeffc-25ed-4fdd-936e-ccb6cbce6dc0",
    "packageUid" : "2dbcfd22-58ea-49a2-99d6-005f5bb902c3",
    "packageAlias" : "irpa_core"
  }, {
    "artifactUid" : "f2fee1f4-25ef-3451-a66b-11b328ea34f4",
    "artifactContainerUid" : "82ffeffc-25ed-4fdd-936e-ccb6cbce6dc0",
    "packageUid" : "2dbcfd22-58ea-49a2-99d6-005f5bb902c3",
    "packageAlias" : "irpa_core"
  }, {
    "artifactUid" : "618ada09-84e2-43e1-8fac-6d747651e4b3",
    "artifactContainerUid" : "3ed4e859-9968-4641-b62f-0bc0006b01fa"
  } ],
  "contents" : [ {
    "uid" : "7e1dba51-7378-4de5-be0f-c0415253a095",
    "name" : "1aefba0e-2a42-4aee-92d5-e62ff3ff25fc",
    "mimeType" : "application/json",
    "size" : 53,
    "lastUpdateRelease" : "2104.01"
  }, {
    "uid" : "5e3991c0-c6cd-4454-b86d-e7523d9168c9",
    "name" : "30e3a9c7-eb8b-40ff-a0cf-9a13d9b83f4f",
    "mimeType" : "application/json",
    "size" : 51,
    "lastUpdateRelease" : "2104.01"
  }, {
    "uid" : "68f09a3e-0e39-4231-965a-de80d62dc2a1",
    "name" : "3f8dd9b0-454e-48fe-90a9-15295fe9b443",
    "mimeType" : "application/json",
    "size" : 61,
    "lastUpdateRelease" : "2104.01"
  }, {
    "uid" : "ee0b88ad-222f-4c10-9712-01a685956086",
    "name" : "66036f29-9270-48f9-a96c-1c47f8425b35",
    "mimeType" : "application/json",
    "size" : 26,
    "lastUpdateRelease" : "2104.01"
  }, {
    "uid" : "d272100c-29b0-4082-bfaf-ccf569841bed",
    "name" : "content",
    "mimeType" : "application/json",
    "size" : 176844,
    "lastUpdateRelease" : "2104.01"
  } ],
  "exportRelease" : "2105.02",
  "lastHeaderUpdateRelease" : "2101.00"
}