{
  "uid" : "3a34fbe5-5056-417f-abc6-03cecb75cc47",
  "name" : "closeSAP-Application",
  "identifier" : "closeSAPApplication",
  "type" : "automation",
  "visibility" : true,
  "header" : {
    "inputs" : [ ],
    "outputs" : [ ],
    "maxDuration" : 600,
    "triggerable" : false,
    "hasAddJobSubAutomations" : false,
    "scriptUids" : [ ]
  },
  "validity" : true,
  "dependencies" : [ {
    "artifactUid" : "92e40d4d-c2ee-4a69-846b-00ac57a87b05",
    "artifactContainerUid" : "18f7077c-af31-4ca1-950b-c7df8acfc79c"
  }, {
    "artifactUid" : "9cab8902-34c3-37f9-a6bb-8e55279e5195",
    "artifactContainerUid" : "82ffeffc-25ed-4fdd-936e-ccb6cbce6dc0",
    "packageUid" : "2dbcfd22-58ea-49a2-99d6-005f5bb902c3",
    "packageAlias" : "irpa_core"
  }, {
    "artifactUid" : "e1a7a08e-04e0-3737-9315-88c9cf3d88d2",
    "artifactContainerUid" : "82ffeffc-25ed-4fdd-936e-ccb6cbce6dc0",
    "packageUid" : "2dbcfd22-58ea-49a2-99d6-005f5bb902c3",
    "packageAlias" : "irpa_core"
  }, {
    "artifactUid" : "4aab8516-b72c-33a9-a4e2-87db13085437",
    "artifactContainerUid" : "82ffeffc-25ed-4fdd-936e-ccb6cbce6dc0",
    "packageUid" : "2dbcfd22-58ea-49a2-99d6-005f5bb902c3",
    "packageAlias" : "irpa_core"
  }, {
    "artifactUid" : "1d8ad265-7a9c-31bd-a567-3bdefab37e8b",
    "artifactContainerUid" : "82ffeffc-25ed-4fdd-936e-ccb6cbce6dc0",
    "packageUid" : "2dbcfd22-58ea-49a2-99d6-005f5bb902c3",
    "packageAlias" : "irpa_core"
  }, {
    "artifactUid" : "aab5ad95-d8dd-3ea2-b24d-17c88b53b37c",
    "artifactContainerUid" : "82ffeffc-25ed-4fdd-936e-ccb6cbce6dc0",
    "packageUid" : "2dbcfd22-58ea-49a2-99d6-005f5bb902c3",
    "packageAlias" : "irpa_core"
  }, {
    "artifactUid" : "f2fee1f4-25ef-3451-a66b-11b328ea34f4",
    "artifactContainerUid" : "82ffeffc-25ed-4fdd-936e-ccb6cbce6dc0",
    "packageUid" : "2dbcfd22-58ea-49a2-99d6-005f5bb902c3",
    "packageAlias" : "irpa_core"
  } ],
  "contents" : [ {
    "uid" : "2cac5c16-411e-4b5b-86e7-4a150d19e99f",
    "name" : "content",
    "mimeType" : "application/json",
    "size" : 4729,
    "lastUpdateRelease" : "2104.00"
  } ],
  "exportRelease" : "2105.02",
  "lastHeaderUpdateRelease" : "2101.00"
}