{
  "uid" : "dd70a6e5-da9f-4b0d-9e77-c7386b7a5840",
  "name" : "xlTab",
  "identifier" : "xlTab",
  "type" : "datatype",
  "visibility" : true,
  "header" : {
    "$schema" : "http://json-schema.org/draft-07/schema#",
    "type" : "object",
    "title" : "xlTab",
    "properties" : {
      "compCodeFrom" : {
        "type" : "string",
        "uid" : "61136e7f-527c-4f8c-9bb6-127ee40143c9"
      },
      "compCodeTo" : {
        "type" : "string",
        "uid" : "faef40b9-0b75-44d5-8791-82df31d5c6f9"
      },
      "keyDate" : {
        "type" : "string",
        "uid" : "0cb9d854-3b3b-49bc-a126-8be7bcd2614f"
      }
    }
  },
  "validity" : true,
  "exportRelease" : "2105.02",
  "lastHeaderUpdateRelease" : "2101.00"
}