[{"id":"5c056280-470d-4c6b-9928-ad603b1ffa3f","public":true,"description":" A bot to help shipping customers track and price packages","slug":"shippingbot","parent_bot_id":null,"name":"shippingbot","rating":0,"children_count":0,"is_privatisable":true,"categories_count":0,"private_data":false,"is_versioning_enabled":true,"bot_type":"single","data_policy":{"id":"a30d74c9-0e50-437d-a854-49da8837d73e","data_type":"non_personal","end_user_type":"non_vulnerable"},"store_conversation_data":true,"version":{"id":"4e67099c-50fd-4e45-a6b6-68fe33e44abc","name":"v1","slug":"v1","bot_id":"5c056280-470d-4c6b-9928-ad603b1ffa3f","parent_version_id":null,"is_forking":false},"bot_topics":[]}]