{
  "uid" : "ccf6ea64-e6f2-4976-b982-24064f5fc936",
  "name" : "FAGLL03",
  "identifier" : "projectpane0",
  "type" : "projectpane",
  "visibility" : true,
  "header" : null,
  "validity" : true,
  "dependencies" : [ {
    "artifactUid" : "19ee832e-c19a-40d2-b66d-28fedd07b5bb",
    "artifactContainerUid" : "18f7077c-af31-4ca1-950b-c7df8acfc79c"
  } ],
  "contents" : [ {
    "uid" : "d739257d-48bc-4313-9782-5b1b56597a3f",
    "name" : "content",
    "mimeType" : "application/json",
    "size" : 178,
    "lastUpdateRelease" : "2104.00"
  } ],
  "exportRelease" : "2105.02",
  "lastHeaderUpdateRelease" : "2101.00-rc6"
}