{
  "uid" : "d828c1b3-b766-4ba9-b4c3-26c52a7c4326",
  "name" : "SAPLogon760",
  "identifier" : "sAPLogon760",
  "type" : "application",
  "visibility" : true,
  "header" : {
    "identifier" : "sAPLogon760",
    "applicationProperties" : {
      "settings" : {
        "applicationPath" : "C:\\Program Files (x86)\\SAP\\FrontEnd\\SAPgui\\saplogon.exe"
      },
      "techno" : "UIAutomation"
    },
    "data" : {
      "uwpLaunchCommandLine" : null,
      "criteria" : [ {
        "attribute" : "EXE",
        "rule" : "equals",
        "value" : "SAPLOGON.EXE"
      } ]
    },
    "screens" : [ {
      "data" : {
        "criteria" : [ {
          "attribute" : "Name",
          "rule" : "contains",
          "value" : "SAP Logon"
        } ],
        "customType" : "Window"
      },
      "captures" : [ {
        "name" : "Capture",
        "index" : 1,
        "hash" : -811326776
      } ],
      "identifier" : "sAPLogon760",
      "items" : [ {
        "boundingRects" : [ {
          "captureRef" : 1,
          "origin" : true,
          "top" : 64,
          "left" : 218,
          "width" : 369,
          "height" : 522
        } ],
        "data" : {
          "controlType" : "DataGrid",
          "criteria" : [ {
            "attribute" : "ControlType",
            "rule" : "equals",
            "value" : "DataGrid"
          }, {
            "attribute" : "TAG",
            "rule" : "equals",
            "value" : "DataGrid"
          } ],
          "direct" : false,
          "occurs" : false
        },
        "identifier" : "datagrid",
        "ignoredCaptures" : [ ],
        "name" : "Datagrid",
        "occurs" : false,
        "settings" : {
          "UseWin32Events" : false
        },
        "type" : "DataGrid",
        "uid" : "774db7e5-08fb-4854-a43d-d2db9b369093"
      } ],
      "mustExists" : [ ],
      "mustNotExists" : [ ],
      "name" : "SAP Logon 760",
      "settings" : { },
      "techno" : "UIAutomation",
      "type" : "UIAutomationPage",
      "uid" : "208ed409-fda5-4086-9f4b-4a5de50f5763"
    }, {
      "data" : {
        "criteria" : [ {
          "attribute" : "Text",
          "rule" : "contains",
          "value" : "SAP Easy Access"
        } ],
        "customType" : "GuiMainWindow"
      },
      "captures" : [ {
        "name" : "Capture 1",
        "index" : 1,
        "hash" : -624847704
      } ],
      "identifier" : "sAPEasyAccess",
      "items" : [ {
        "boundingRects" : [ {
          "captureRef" : 1,
          "origin" : true,
          "top" : 50,
          "left" : 56,
          "width" : 145,
          "height" : 21
        } ],
        "data" : {
          "controlType" : "GuiOkCodeField",
          "customType" : "GuiOkCodeField",
          "technoInterfaces" : [ "irpa_core.SAPScripting.GuiItem" ],
          "criteria" : [ {
            "attribute" : "TAG",
            "rule" : "equals",
            "value" : "GuiOkCodeField"
          }, {
            "attribute" : "Name",
            "rule" : "equals",
            "value" : "okcd"
          } ],
          "direct" : false,
          "occurs" : false
        },
        "identifier" : "oTCode",
        "ignoredCaptures" : [ ],
        "name" : "oTCode",
        "occurs" : false,
        "settings" : { },
        "type" : "GuiOkCodeField",
        "uid" : "410e52a6-add6-4703-a33e-8e2cc0414b8f"
      } ],
      "mustExists" : [ "410e52a6-add6-4703-a33e-8e2cc0414b8f" ],
      "mustNotExists" : [ ],
      "name" : "SAP Easy Access",
      "settings" : { },
      "techno" : "SAPGUI",
      "type" : "GuiMainWindow",
      "uid" : "035856b5-378a-4b80-90c2-aa28ec1e935c"
    }, {
      "data" : {
        "criteria" : [ {
          "attribute" : "Text",
          "rule" : "contains",
          "value" : "SAP"
        } ],
        "customType" : "GuiMainWindow"
      },
      "captures" : [ {
        "name" : "Capture 1",
        "index" : 1,
        "hash" : 1554457294
      } ],
      "identifier" : "sAP",
      "items" : [ {
        "boundingRects" : [ {
          "captureRef" : 1,
          "origin" : true,
          "top" : 154,
          "left" : 183,
          "width" : 31,
          "height" : 20
        } ],
        "data" : {
          "controlType" : "GuiTextField",
          "customType" : "GuiTextField",
          "technoInterfaces" : [ ],
          "criteria" : [ {
            "attribute" : "TAG",
            "rule" : "equals",
            "value" : "GuiTextField"
          }, {
            "attribute" : "Name",
            "rule" : "equals",
            "value" : "RSYST-MANDT"
          } ],
          "direct" : false,
          "occurs" : false
        },
        "identifier" : "client",
        "ignoredCaptures" : [ ],
        "name" : "client",
        "occurs" : false,
        "settings" : { },
        "type" : "GuiTextField",
        "uid" : "328ea69c-6380-448f-b88f-9a93126e4328"
      }, {
        "boundingRects" : [ {
          "captureRef" : 1,
          "origin" : true,
          "top" : 198,
          "left" : 183,
          "width" : 103,
          "height" : 20
        } ],
        "data" : {
          "controlType" : "GuiTextField",
          "customType" : "GuiTextField",
          "technoInterfaces" : [ ],
          "criteria" : [ {
            "attribute" : "TAG",
            "rule" : "equals",
            "value" : "GuiTextField"
          }, {
            "attribute" : "Name",
            "rule" : "equals",
            "value" : "RSYST-BNAME"
          } ],
          "direct" : false,
          "occurs" : false
        },
        "identifier" : "user",
        "ignoredCaptures" : [ ],
        "name" : "User",
        "occurs" : false,
        "settings" : { },
        "type" : "GuiTextField",
        "uid" : "05486663-b376-4fb4-ae22-5b05861074be"
      }, {
        "boundingRects" : [ {
          "captureRef" : 1,
          "origin" : true,
          "top" : 219,
          "left" : 183,
          "width" : 103,
          "height" : 20
        } ],
        "data" : {
          "controlType" : "GuiPasswordField",
          "customType" : "GuiPasswordField",
          "technoInterfaces" : [ ],
          "criteria" : [ {
            "attribute" : "TAG",
            "rule" : "equals",
            "value" : "GuiPasswordField"
          }, {
            "attribute" : "Name",
            "rule" : "equals",
            "value" : "RSYST-BCODE"
          } ],
          "direct" : false,
          "occurs" : false
        },
        "identifier" : "password",
        "ignoredCaptures" : [ ],
        "name" : "Password",
        "occurs" : false,
        "settings" : { },
        "type" : "GuiPasswordField",
        "uid" : "817db6fc-761d-46f2-a557-cbb017562d73"
      }, {
        "boundingRects" : [ {
          "captureRef" : 1,
          "origin" : true,
          "top" : 803,
          "left" : 20,
          "width" : 1510,
          "height" : 29
        } ],
        "data" : {
          "controlType" : "GuiStatusbar",
          "customType" : "GuiStatusbar",
          "technoInterfaces" : [ "irpa_core.SAPScripting.GuiItem" ],
          "criteria" : [ {
            "attribute" : "TAG",
            "rule" : "equals",
            "value" : "GuiStatusbar"
          }, {
            "attribute" : "Name",
            "rule" : "equals",
            "value" : "sbar"
          } ],
          "direct" : false,
          "occurs" : false
        },
        "identifier" : "statusBar",
        "ignoredCaptures" : [ ],
        "name" : "StatusBar",
        "occurs" : false,
        "settings" : { },
        "type" : "GuiStatusbar",
        "uid" : "dbe1c1bb-7691-4382-95a5-517fb1bb0407"
      } ],
      "mustExists" : [ "817db6fc-761d-46f2-a557-cbb017562d73" ],
      "mustNotExists" : [ ],
      "name" : "SAP",
      "settings" : { },
      "techno" : "SAPGUI",
      "type" : "GuiMainWindow",
      "uid" : "bc8086d4-3058-498b-830d-14cba7853be1"
    }, {
      "data" : {
        "criteria" : [ {
          "attribute" : "Text",
          "rule" : "contains",
          "value" : "License Information"
        } ],
        "customType" : "GuiModalWindow"
      },
      "captures" : [ {
        "name" : "Capture 1",
        "index" : 1,
        "hash" : -555623455
      } ],
      "identifier" : "licenseInformationForMultipl",
      "items" : [ {
        "boundingRects" : [ {
          "captureRef" : 1,
          "origin" : true,
          "top" : 270,
          "left" : 3,
          "width" : 647,
          "height" : 20
        } ],
        "data" : {
          "controlType" : "GuiRadioButton",
          "customType" : "GuiRadioButton",
          "technoInterfaces" : [ ],
          "criteria" : [ {
            "attribute" : "TAG",
            "rule" : "equals",
            "value" : "GuiRadioButton"
          }, {
            "attribute" : "Name",
            "rule" : "equals",
            "value" : "MULTI_LOGON_OPT2"
          } ],
          "direct" : false,
          "occurs" : false
        },
        "identifier" : "continueLogon",
        "ignoredCaptures" : [ ],
        "name" : "ContinueLogon",
        "occurs" : false,
        "settings" : { },
        "type" : "GuiRadioButton",
        "uid" : "a59ef187-a841-44b0-aec7-59c9525a7735"
      } ],
      "mustExists" : [ ],
      "mustNotExists" : [ ],
      "name" : "License Information for Multiple Logons",
      "settings" : { },
      "techno" : "SAPGUI",
      "type" : "GuiModalWindow",
      "uid" : "8bbe6052-24d5-43bb-9590-a88336f2c127"
    }, {
      "data" : {
        "criteria" : [ {
          "attribute" : "Text",
          "rule" : "equals",
          "value" : "Information"
        } ],
        "customType" : "GuiModalWindow"
      },
      "captures" : [ {
        "name" : "Capture 1",
        "index" : 1,
        "hash" : -125416576
      } ],
      "identifier" : "information",
      "items" : [ {
        "boundingRects" : [ {
          "captureRef" : 1,
          "origin" : true,
          "top" : 32,
          "left" : 43,
          "width" : 407,
          "height" : 20
        } ],
        "data" : {
          "controlType" : "GuiTextField",
          "technoInterfaces" : [ ],
          "criteria" : [ {
            "attribute" : "TAG",
            "rule" : "equals",
            "value" : "GuiTextField"
          }, {
            "attribute" : "Name",
            "rule" : "equals",
            "value" : "MESSTXT1"
          } ],
          "direct" : false,
          "occurs" : false
        },
        "identifier" : "info",
        "ignoredCaptures" : [ ],
        "name" : "Info",
        "occurs" : false,
        "settings" : { },
        "type" : "irpa_core.SAPScripting.GuiTextField",
        "uid" : "9b1f45b6-e2d5-47a3-a674-5341d3c3c557"
      } ],
      "mustExists" : [ ],
      "mustNotExists" : [ ],
      "name" : "Information",
      "settings" : { },
      "techno" : "SAPGUI",
      "type" : "irpa_core.SAPScripting.GuiModalWindow",
      "uid" : "01b6e211-a8fc-4a72-9759-fbcd1c6be645"
    }, {
      "data" : {
        "criteria" : [ {
          "attribute" : "Text",
          "rule" : "contains",
          "value" : "Save list in file"
        } ],
        "customType" : "GuiModalWindow"
      },
      "captures" : [ {
        "name" : "Capture 1",
        "index" : 1,
        "hash" : -1580094864
      } ],
      "identifier" : "saveListInFile",
      "items" : [ {
        "boundingRects" : [ {
          "captureRef" : 1,
          "origin" : true,
          "top" : 140,
          "left" : 19,
          "width" : 151,
          "height" : 20
        } ],
        "data" : {
          "controlType" : "GuiRadioButton",
          "technoInterfaces" : [ ],
          "criteria" : [ {
            "attribute" : "TAG",
            "rule" : "equals",
            "value" : "GuiRadioButton"
          }, {
            "attribute" : "Id",
            "rule" : "equals",
            "value" : "usr/subSUBSCREEN_STEPLOOP:SAPLSPO5:0150/sub:SAPLSPO5:0150/radSPOPLI-SELFLAG[1,0]"
          } ],
          "direct" : false,
          "occurs" : false
        },
        "identifier" : "spreadsheets",
        "ignoredCaptures" : [ ],
        "name" : "Spreadsheets",
        "occurs" : false,
        "settings" : { },
        "type" : "irpa_core.SAPScripting.GuiRadioButton",
        "uid" : "499f96f1-37b5-4671-bd73-4c68962de81e"
      } ],
      "mustExists" : [ ],
      "mustNotExists" : [ ],
      "name" : "Save list in file...",
      "settings" : { },
      "techno" : "SAPGUI",
      "type" : "irpa_core.SAPScripting.GuiModalWindow",
      "uid" : "38c1fa4a-ecf4-4fa6-9162-9f25e1d010cd"
    }, {
      "data" : {
        "criteria" : [ {
          "attribute" : "Text",
          "rule" : "contains",
          "value" : "SAP"
        } ],
        "customType" : "GuiMainWindow"
      },
      "captures" : [ {
        "name" : "Capture 1",
        "index" : 1,
        "hash" : 1900919740
      } ],
      "identifier" : "sAP1",
      "items" : [ {
        "boundingRects" : [ {
          "captureRef" : 1,
          "top" : 370,
          "left" : 31,
          "width" : 100,
          "height" : 20
        } ],
        "data" : {
          "controlType" : "GuiButton",
          "technoInterfaces" : [ ],
          "criteria" : [ {
            "attribute" : "TAG",
            "rule" : "equals",
            "value" : "GuiButton"
          }, {
            "attribute" : "Name",
            "rule" : "equals",
            "value" : "IUSRACL-MANDT"
          } ],
          "direct" : false,
          "occurs" : true
        },
        "identifier" : "clients",
        "ignoredCaptures" : [ ],
        "name" : "clients",
        "occurs" : true,
        "settings" : { },
        "type" : "irpa_core.SAPScripting.GuiButton",
        "uid" : "569fb110-11fa-4b82-90c2-41b470ba93c9"
      } ],
      "mustExists" : [ "569fb110-11fa-4b82-90c2-41b470ba93c9" ],
      "mustNotExists" : [ ],
      "name" : "SAP 1",
      "settings" : { },
      "techno" : "SAPGUI",
      "type" : "irpa_core.SAPScripting.GuiMainWindow",
      "uid" : "0d3118b6-80f9-498e-b118-2aaf4a2a7a9f"
    }, {
      "data" : {
        "criteria" : [ {
          "attribute" : "Text",
          "rule" : "contains",
          "value" : "Change View \"Additional Local Currencies For Company Code\": Overview"
        } ],
        "customType" : "GuiMainWindow"
      },
      "captures" : [ {
        "name" : "Capture 1",
        "index" : 1,
        "hash" : 775452569
      } ],
      "identifier" : "changeViewAdditionalLocalCur",
      "items" : [ {
        "boundingRects" : [ {
          "captureRef" : 1,
          "origin" : true,
          "top" : 153,
          "left" : 22,
          "width" : 586,
          "height" : 395
        } ],
        "data" : {
          "controlType" : "GuiTableControl",
          "technoInterfaces" : [ "irpa_core.SAPScripting.GuiVContainer", "irpa_core.SAPScripting.GuiVComponent" ],
          "criteria" : [ {
            "attribute" : "TAG",
            "rule" : "equals",
            "value" : "GuiTableControl"
          }, {
            "attribute" : "Name",
            "rule" : "equals",
            "value" : "SAPL0F03TCTRL_V_T001A"
          } ],
          "direct" : false,
          "occurs" : false
        },
        "identifier" : "tableCompantCode",
        "ignoredCaptures" : [ ],
        "name" : "tableCompantCode",
        "occurs" : false,
        "settings" : { },
        "type" : "irpa_core.SAPScripting.GuiTableControl",
        "uid" : "5ffcce1e-df74-40a2-bb35-863c2c076a87"
      } ],
      "mustExists" : [ "5ffcce1e-df74-40a2-bb35-863c2c076a87" ],
      "mustNotExists" : [ ],
      "name" : "Change View \"Additional Local Currencies For Company Code\": Overview",
      "settings" : { },
      "techno" : "SAPGUI",
      "type" : "irpa_core.SAPScripting.GuiMainWindow",
      "uid" : "72673ded-170b-4b05-8ab0-1a503413a9cb"
    }, {
      "data" : {
        "criteria" : [ {
          "attribute" : "Text",
          "rule" : "contains",
          "value" : "Change View \"Additional Local Currencies For Company Code\": Overview"
        } ],
        "customType" : "GuiMainWindow"
      },
      "captures" : [ {
        "name" : "Capture 1",
        "index" : 1,
        "hash" : 2135133231
      } ],
      "identifier" : "changeViewAdditionalLocalCur_1",
      "items" : [ {
        "boundingRects" : [ {
          "captureRef" : 1,
          "top" : 200,
          "left" : 24,
          "width" : 56,
          "height" : 14
        } ],
        "data" : {
          "controlType" : "GuiLabel",
          "technoInterfaces" : [ "irpa_core.SAPScripting.GuiVComponent" ],
          "criteria" : [ {
            "attribute" : "TAG",
            "rule" : "equals",
            "value" : "GuiLabel"
          }, {
            "attribute" : "Text",
            "rule" : "equals",
            "value" : "Client:"
          } ],
          "direct" : false,
          "occurs" : false
        },
        "identifier" : "lblClient",
        "ignoredCaptures" : [ ],
        "name" : "lblClient",
        "occurs" : false,
        "settings" : { },
        "type" : "irpa_core.SAPScripting.GuiLabel",
        "uid" : "c14438bc-e819-475b-a8c1-f0b94db420af"
      }, {
        "boundingRects" : [ {
          "captureRef" : 1,
          "top" : 6,
          "left" : 6,
          "width" : -1,
          "height" : -1
        } ],
        "data" : {
          "controlType" : "GuiMenu",
          "technoInterfaces" : [ "irpa_core.SAPScripting.GuiVContainer", "irpa_core.SAPScripting.GuiVComponent" ],
          "criteria" : [ {
            "attribute" : "TAG",
            "rule" : "equals",
            "value" : "GuiMenu"
          }, {
            "attribute" : "Name",
            "rule" : "equals",
            "value" : "Local file..."
          } ],
          "direct" : false,
          "occurs" : false
        },
        "identifier" : "localFile",
        "ignoredCaptures" : [ ],
        "name" : "LocalFile",
        "occurs" : false,
        "settings" : { },
        "type" : "irpa_core.SAPScripting.GuiMenu",
        "uid" : "77313346-4447-49f0-8c32-6557d66ea94a"
      } ],
      "mustExists" : [ "c14438bc-e819-475b-a8c1-f0b94db420af" ],
      "mustNotExists" : [ ],
      "name" : "Change View \"Additional Local Currencies For Company Code\": Overview 1",
      "settings" : { },
      "techno" : "SAPGUI",
      "type" : "irpa_core.SAPScripting.GuiMainWindow",
      "uid" : "c73b86d2-a2b6-42ce-a219-166e0b9925fa"
    }, {
      "data" : {
        "criteria" : [ {
          "attribute" : "Text",
          "rule" : "contains",
          "value" : "Change View \"Additional Local Currencies For Company Code\": Overview"
        } ],
        "customType" : "GuiModalWindow"
      },
      "captures" : [ {
        "name" : "Capture 1",
        "index" : 1,
        "hash" : -1042470284
      } ],
      "identifier" : "changeViewAdditionalLocalCur_2",
      "items" : [ {
        "boundingRects" : [ {
          "captureRef" : 1,
          "top" : 32,
          "left" : 99,
          "width" : 423,
          "height" : 20
        } ],
        "data" : {
          "controlType" : "GuiCTextField",
          "technoInterfaces" : [ "irpa_core.SAPScripting.GuiVComponent" ],
          "criteria" : [ {
            "attribute" : "TAG",
            "rule" : "equals",
            "value" : "GuiCTextField"
          }, {
            "attribute" : "Name",
            "rule" : "equals",
            "value" : "DY_PATH"
          } ],
          "direct" : false,
          "occurs" : false
        },
        "identifier" : "directory",
        "ignoredCaptures" : [ ],
        "name" : "Directory",
        "occurs" : false,
        "settings" : { },
        "type" : "irpa_core.SAPScripting.GuiCTextField",
        "uid" : "ef9d2480-bd91-401f-8b50-3734324f0c75"
      }, {
        "boundingRects" : [ {
          "captureRef" : 1,
          "top" : 54,
          "left" : 99,
          "width" : 423,
          "height" : 20
        } ],
        "data" : {
          "controlType" : "GuiCTextField",
          "technoInterfaces" : [ "irpa_core.SAPScripting.GuiVComponent" ],
          "criteria" : [ {
            "attribute" : "TAG",
            "rule" : "equals",
            "value" : "GuiCTextField"
          }, {
            "attribute" : "Name",
            "rule" : "equals",
            "value" : "DY_FILENAME"
          } ],
          "direct" : false,
          "occurs" : false
        },
        "identifier" : "fileName",
        "ignoredCaptures" : [ ],
        "name" : "FileName",
        "occurs" : false,
        "settings" : { },
        "type" : "irpa_core.SAPScripting.GuiCTextField",
        "uid" : "5f07960e-2b95-4df5-a8ee-a5af34beae9b"
      } ],
      "mustExists" : [ "ef9d2480-bd91-401f-8b50-3734324f0c75" ],
      "mustNotExists" : [ ],
      "name" : "Change View \"Additional Local Currencies For Company Code\": Overview 2",
      "settings" : { },
      "techno" : "SAPGUI",
      "type" : "irpa_core.SAPScripting.GuiModalWindow",
      "uid" : "dd442925-3cc8-4bd3-ba15-188165b7ab63"
    } ]
  },
  "validity" : true,
  "keywords" : "SAP Logon 76030SAP Easy Access30SAP30License Information for Multiple Logons30Information30Save list in file...30SAP 130Change View \"Additional Local Currencies For Company Code\": Overview30Change View \"Additional Local Currencies For Company Code\": Overview 130Change View \"Additional Local Currencies For Company Code\": Overview 2",
  "contents" : [ {
    "uid" : "64c1d46c-412a-4660-beb1-28b894da4671",
    "name" : "c73b86d2-a2b6-42ce-a219-166e0b9925fa/1/image",
    "mimeType" : "application/json",
    "size" : 109270,
    "lastUpdateRelease" : "2104.01"
  }, {
    "uid" : "08af7aee-ca7f-429f-a65c-15af6cd9ca8b",
    "name" : "c73b86d2-a2b6-42ce-a219-166e0b9925fa/1/structure",
    "mimeType" : "application/json",
    "size" : 535020,
    "lastUpdateRelease" : "2104.01"
  }, {
    "uid" : "15e71c80-ba60-4cde-a9a7-765bdf70833f",
    "name" : "dd442925-3cc8-4bd3-ba15-188165b7ab63/1/image",
    "mimeType" : "application/json",
    "size" : 12785,
    "lastUpdateRelease" : "2104.01"
  }, {
    "uid" : "eeb51b40-101c-46dd-ad50-108ffa5a052c",
    "name" : "dd442925-3cc8-4bd3-ba15-188165b7ab63/1/structure",
    "mimeType" : "application/json",
    "size" : 12091,
    "lastUpdateRelease" : "2104.01"
  }, {
    "uid" : "36ab6a6c-c4f9-4d4d-97c6-824203a21a25",
    "name" : "applicationDescription",
    "mimeType" : "application/json",
    "size" : 30967,
    "lastUpdateRelease" : "2104.01"
  }, {
    "uid" : "b824f55c-4861-4142-9545-4dc71338442a",
    "name" : "208ed409-fda5-4086-9f4b-4a5de50f5763/1/structure",
    "mimeType" : "application/json",
    "size" : 116794,
    "lastUpdateRelease" : "2104.01"
  }, {
    "uid" : "1c5c997d-dd6f-4b28-8c7a-828bace5e749",
    "name" : "38c1fa4a-ecf4-4fa6-9162-9f25e1d010cd/1/image",
    "mimeType" : "application/json",
    "size" : 9449,
    "lastUpdateRelease" : "2104.01"
  }, {
    "uid" : "4ca59ca1-b7ec-4d6e-8210-0a95510eada3",
    "name" : "bc8086d4-3058-498b-830d-14cba7853be1/1/image",
    "mimeType" : "application/json",
    "size" : 62434,
    "lastUpdateRelease" : "2104.01"
  }, {
    "uid" : "21256b64-d7c3-4a64-aa31-21301190074b",
    "name" : "01b6e211-a8fc-4a72-9759-fbcd1c6be645/1/image",
    "mimeType" : "application/json",
    "size" : 5389,
    "lastUpdateRelease" : "2104.01"
  }, {
    "uid" : "05e13708-0375-4a02-9171-205662273a06",
    "name" : "208ed409-fda5-4086-9f4b-4a5de50f5763/1/image",
    "mimeType" : "application/json",
    "size" : 28577,
    "lastUpdateRelease" : "2104.01"
  }, {
    "uid" : "84a184bf-c3eb-4260-ac2b-f0c5f5c00c37",
    "name" : "01b6e211-a8fc-4a72-9759-fbcd1c6be645/1/structure",
    "mimeType" : "application/json",
    "size" : 6355,
    "lastUpdateRelease" : "2104.01"
  }, {
    "uid" : "efc300d3-6998-4229-bdf3-a48946443600",
    "name" : "8bbe6052-24d5-43bb-9590-a88336f2c127/1/structure",
    "mimeType" : "application/json",
    "size" : 18335,
    "lastUpdateRelease" : "2104.01"
  }, {
    "uid" : "9fe9f08e-928e-49ab-8a33-159370375086",
    "name" : "0d3118b6-80f9-498e-b118-2aaf4a2a7a9f/1/structure",
    "mimeType" : "application/json",
    "size" : 150396,
    "lastUpdateRelease" : "2104.01"
  }, {
    "uid" : "8f4d0226-cd9b-4ebf-80c8-aaccda1f7d81",
    "name" : "8bbe6052-24d5-43bb-9590-a88336f2c127/1/image",
    "mimeType" : "application/json",
    "size" : 26001,
    "lastUpdateRelease" : "2104.01"
  }, {
    "uid" : "f64505e6-ee4f-43a8-b0c7-766a751dadd0",
    "name" : "035856b5-378a-4b80-90c2-aa28ec1e935c/1/image",
    "mimeType" : "application/json",
    "size" : 159518,
    "lastUpdateRelease" : "2104.01"
  }, {
    "uid" : "a3cabebe-72bd-479a-99bb-d08e737e1628",
    "name" : "035856b5-378a-4b80-90c2-aa28ec1e935c/1/structure",
    "mimeType" : "application/json",
    "size" : 157530,
    "lastUpdateRelease" : "2104.01"
  }, {
    "uid" : "439d91ac-5efa-407e-ab7f-21817bc5045d",
    "name" : "72673ded-170b-4b05-8ab0-1a503413a9cb/1/image",
    "mimeType" : "application/json",
    "size" : 77590,
    "lastUpdateRelease" : "2104.01"
  }, {
    "uid" : "5f1965b0-8713-4b0a-a697-dfbfb5439494",
    "name" : "bc8086d4-3058-498b-830d-14cba7853be1/1/structure",
    "mimeType" : "application/json",
    "size" : 144261,
    "lastUpdateRelease" : "2104.01"
  }, {
    "uid" : "c0fbf5c7-b24b-4c59-a53a-fa6dee0af6f6",
    "name" : "72673ded-170b-4b05-8ab0-1a503413a9cb/1/structure",
    "mimeType" : "application/json",
    "size" : 252197,
    "lastUpdateRelease" : "2104.01"
  }, {
    "uid" : "54250de6-0e20-4884-952b-4db866059e88",
    "name" : "38c1fa4a-ecf4-4fa6-9162-9f25e1d010cd/1/structure",
    "mimeType" : "application/json",
    "size" : 16819,
    "lastUpdateRelease" : "2104.01"
  }, {
    "uid" : "7d1fc73c-76f1-4167-8118-85a6e6f511fc",
    "name" : "0d3118b6-80f9-498e-b118-2aaf4a2a7a9f/1/image",
    "mimeType" : "application/json",
    "size" : 72094,
    "lastUpdateRelease" : "2104.01"
  } ],
  "exportRelease" : "2105.02",
  "lastHeaderUpdateRelease" : "2101.00"
}