{"version":5,"datasets":[{"slug":null,"created_at":"2021-05-23T19:05:17.625Z","updated_at":"2021-05-23T19:05:17.625Z","strictness":50,"type":0,"classifier":4,"recognizer":0,"manual_training":true,"big_bot":false,"bot_id":"501ce072-1a7c-4363-bafb-6eb1d6ca83ad","version_id":"6d4cb271-e3d7-4c2c-ae20-859a0d4c05f1","is_forking":false,"resolve_pronouns":false,"resolve_descriptions":false,"last_data_update_at":null,"language":"en","restricted_entity_strictness":90,"free_entity_strictness":0,"is_generating":false,"sharenet":0}],"intents":[],"entities":[{"dataset_id":0,"entity_id":null,"is_open":true,"is_activated":true,"slug":"mass","created_at":"2021-05-23T19:05:17.630Z","updated_at":"2021-05-23T19:05:17.630Z","strictness":null,"enrichment_strictness":95,"is_custom":false,"color":"#eeffdc","name":"MASS","is_forking":false,"webhook_id":null,"gold_enrichment_from":null,"enrichment_type":null,"enrichment_webhook_id":null,"locked":true,"type":0,"regex_pattern":null,"regex_flags":null},{"dataset_id":0,"entity_id":null,"is_open":true,"is_activated":true,"slug":"money","created_at":"2021-05-23T19:05:17.630Z","updated_at":"2021-05-23T19:05:17.630Z","strictness":null,"enrichment_strictness":95,"is_custom":false,"color":"#fec89c","name":"MONEY","is_forking":false,"webhook_id":null,"gold_enrichment_from":null,"enrichment_type":null,"enrichment_webhook_id":null,"locked":true,"type":0,"regex_pattern":null,"regex_flags":null},{"dataset_id":0,"entity_id":null,"is_open":true,"is_activated":true,"slug":"language","created_at":"2021-05-23T19:05:17.630Z","updated_at":"2021-05-23T19:05:17.630Z","strictness":null,"enrichment_strictness":95,"is_custom":false,"color":"#dfebd2","name":"LANGUAGE","is_forking":false,"webhook_id":null,"gold_enrichment_from":null,"enrichment_type":null,"enrichment_webhook_id":null,"locked":true,"type":0,"regex_pattern":null,"regex_flags":null},{"dataset_id":0,"entity_id":null,"is_open":true,"is_activated":true,"slug":"location","created_at":"2021-05-23T19:05:17.630Z","updated_at":"2021-05-23T19:05:17.630Z","strictness":null,"enrichment_strictness":95,"is_custom":false,"color":"#ecd3f1","name":"LOCATION","is_forking":false,"webhook_id":null,"gold_enrichment_from":null,"enrichment_type":null,"enrichment_webhook_id":null,"locked":true,"type":0,"regex_pattern":null,"regex_flags":null},{"dataset_id":0,"entity_id":null,"is_open":true,"is_activated":true,"slug":"number","created_at":"2021-05-23T19:05:17.630Z","updated_at":"2021-05-23T19:05:17.630Z","strictness":null,"enrichment_strictness":95,"is_custom":false,"color":"#c3bef0","name":"NUMBER","is_forking":false,"webhook_id":null,"gold_enrichment_from":null,"enrichment_type":null,"enrichment_webhook_id":null,"locked":true,"type":0,"regex_pattern":null,"regex_flags":null},{"dataset_id":0,"entity_id":null,"is_open":true,"is_activated":true,"slug":"color","created_at":"2021-05-23T19:05:17.629Z","updated_at":"2021-05-23T19:05:17.629Z","strictness":null,"enrichment_strictness":95,"is_custom":false,"color":"#aee7e8","name":"COLOR","is_forking":false,"webhook_id":null,"gold_enrichment_from":null,"enrichment_type":null,"enrichment_webhook_id":null,"locked":true,"type":0,"regex_pattern":null,"regex_flags":null},{"dataset_id":0,"entity_id":null,"is_open":true,"is_activated":true,"slug":"organization","created_at":"2021-05-23T19:05:17.630Z","updated_at":"2021-05-23T19:05:17.630Z","strictness":null,"enrichment_strictness":95,"is_custom":false,"color":"#ddb6c6","name":"ORGANIZATION","is_forking":false,"webhook_id":null,"gold_enrichment_from":null,"enrichment_type":null,"enrichment_webhook_id":null,"locked":true,"type":0,"regex_pattern":null,"regex_flags":null},{"dataset_id":0,"entity_id":null,"is_open":true,"is_activated":true,"slug":"interval","created_at":"2021-05-23T19:05:17.629Z","updated_at":"2021-05-23T19:05:17.629Z","strictness":null,"enrichment_strictness":95,"is_custom":false,"color":"#e0afaa","name":"INTERVAL","is_forking":false,"webhook_id":null,"gold_enrichment_from":null,"enrichment_type":null,"enrichment_webhook_id":null,"locked":true,"type":0,"regex_pattern":null,"regex_flags":null},{"dataset_id":0,"entity_id":null,"is_open":true,"is_activated":true,"slug":"temperature","created_at":"2021-05-23T19:05:17.631Z","updated_at":"2021-05-23T19:05:17.631Z","strictness":null,"enrichment_strictness":95,"is_custom":false,"color":"#f1d4d4","name":"TEMPERATURE","is_forking":false,"webhook_id":null,"gold_enrichment_from":null,"enrichment_type":null,"enrichment_webhook_id":null,"locked":true,"type":0,"regex_pattern":null,"regex_flags":null},{"dataset_id":0,"entity_id":null,"is_open":true,"is_activated":true,"slug":"email","created_at":"2021-05-23T19:05:17.629Z","updated_at":"2021-05-23T19:05:17.629Z","strictness":null,"enrichment_strictness":95,"is_custom":false,"color":"#b8e986","name":"EMAIL","is_forking":false,"webhook_id":null,"gold_enrichment_from":null,"enrichment_type":null,"enrichment_webhook_id":null,"locked":true,"type":0,"regex_pattern":null,"regex_flags":null},{"dataset_id":0,"entity_id":null,"is_open":true,"is_activated":true,"slug":"job","created_at":"2021-05-23T19:05:17.629Z","updated_at":"2021-05-23T19:05:17.629Z","strictness":null,"enrichment_strictness":95,"is_custom":false,"color":"#b7d1e6","name":"JOB","is_forking":false,"webhook_id":null,"gold_enrichment_from":null,"enrichment_type":null,"enrichment_webhook_id":null,"locked":true,"type":0,"regex_pattern":null,"regex_flags":null},{"dataset_id":0,"entity_id":null,"is_open":true,"is_activated":true,"slug":"ordinal","created_at":"2021-05-23T19:05:17.630Z","updated_at":"2021-05-23T19:05:17.630Z","strictness":null,"enrichment_strictness":95,"is_custom":false,"color":"#dcecff","name":"ORDINAL","is_forking":false,"webhook_id":null,"gold_enrichment_from":null,"enrichment_type":null,"enrichment_webhook_id":null,"locked":true,"type":0,"regex_pattern":null,"regex_flags":null},{"dataset_id":0,"entity_id":null,"is_open":true,"is_activated":true,"slug":"phone","created_at":"2021-05-23T19:05:17.631Z","updated_at":"2021-05-23T19:05:17.631Z","strictness":null,"enrichment_strictness":95,"is_custom":false,"color":"#b2d3be","name":"PHONE","is_forking":false,"webhook_id":null,"gold_enrichment_from":null,"enrichment_type":null,"enrichment_webhook_id":null,"locked":true,"type":0,"regex_pattern":null,"regex_flags":null},{"dataset_id":0,"entity_id":null,"is_open":true,"is_activated":true,"slug":"duration","created_at":"2021-05-23T19:05:17.629Z","updated_at":"2021-05-23T19:05:17.629Z","strictness":null,"enrichment_strictness":95,"is_custom":false,"color":"#fee6f7","name":"DURATION","is_forking":false,"webhook_id":null,"gold_enrichment_from":null,"enrichment_type":null,"enrichment_webhook_id":null,"locked":true,"type":0,"regex_pattern":null,"regex_flags":null},{"dataset_id":0,"entity_id":null,"is_open":true,"is_activated":true,"slug":"emoji","created_at":"2021-05-23T19:05:17.629Z","updated_at":"2021-05-23T19:05:17.629Z","strictness":null,"enrichment_strictness":95,"is_custom":false,"color":"#cadefc","name":"EMOJI","is_forking":false,"webhook_id":null,"gold_enrichment_from":null,"enrichment_type":null,"enrichment_webhook_id":null,"locked":true,"type":0,"regex_pattern":null,"regex_flags":null},{"dataset_id":0,"entity_id":null,"is_open":true,"is_activated":true,"slug":"set","created_at":"2021-05-23T19:05:17.631Z","updated_at":"2021-05-23T19:05:17.631Z","strictness":null,"enrichment_strictness":95,"is_custom":false,"color":"#f2f4d1","name":"SET","is_forking":false,"webhook_id":null,"gold_enrichment_from":null,"enrichment_type":null,"enrichment_webhook_id":null,"locked":true,"type":0,"regex_pattern":null,"regex_flags":null},{"dataset_id":0,"entity_id":null,"is_open":true,"is_activated":true,"slug":"distance","created_at":"2021-05-23T19:05:17.629Z","updated_at":"2021-05-23T19:05:17.629Z","strictness":null,"enrichment_strictness":95,"is_custom":false,"color":"#97bbd9","name":"DISTANCE","is_forking":false,"webhook_id":null,"gold_enrichment_from":null,"enrichment_type":null,"enrichment_webhook_id":null,"locked":true,"type":0,"regex_pattern":null,"regex_flags":null},{"dataset_id":0,"entity_id":null,"is_open":true,"is_activated":true,"slug":"volume","created_at":"2021-05-23T19:05:17.631Z","updated_at":"2021-05-23T19:05:17.631Z","strictness":null,"enrichment_strictness":95,"is_custom":false,"color":"#fbbbbb","name":"VOLUME","is_forking":false,"webhook_id":null,"gold_enrichment_from":null,"enrichment_type":null,"enrichment_webhook_id":null,"locked":true,"type":0,"regex_pattern":null,"regex_flags":null},{"dataset_id":0,"entity_id":null,"is_open":true,"is_activated":true,"slug":"url","created_at":"2021-05-23T19:05:17.631Z","updated_at":"2021-05-23T19:05:17.631Z","strictness":null,"enrichment_strictness":95,"is_custom":false,"color":"#ffede6","name":"URL","is_forking":false,"webhook_id":null,"gold_enrichment_from":null,"enrichment_type":null,"enrichment_webhook_id":null,"locked":true,"type":0,"regex_pattern":null,"regex_flags":null},{"dataset_id":0,"entity_id":null,"is_open":true,"is_activated":true,"slug":"cardinal","created_at":"2021-05-23T19:05:17.629Z","updated_at":"2021-05-23T19:05:17.629Z","strictness":null,"enrichment_strictness":95,"is_custom":false,"color":"#ffedff","name":"CARDINAL","is_forking":false,"webhook_id":null,"gold_enrichment_from":null,"enrichment_type":null,"enrichment_webhook_id":null,"locked":true,"type":0,"regex_pattern":null,"regex_flags":null},{"dataset_id":0,"entity_id":null,"is_open":true,"is_activated":true,"slug":"speed","created_at":"2021-05-23T19:05:17.631Z","updated_at":"2021-05-23T19:05:17.631Z","strictness":null,"enrichment_strictness":95,"is_custom":false,"color":"#faefd6","name":"SPEED","is_forking":false,"webhook_id":null,"gold_enrichment_from":null,"enrichment_type":null,"enrichment_webhook_id":null,"locked":true,"type":0,"regex_pattern":null,"regex_flags":null},{"dataset_id":0,"entity_id":null,"is_open":true,"is_activated":true,"slug":"person","created_at":"2021-05-23T19:05:17.630Z","updated_at":"2021-05-23T19:05:17.630Z","strictness":null,"enrichment_strictness":95,"is_custom":false,"color":"#fbe7bb","name":"PERSON","is_forking":false,"webhook_id":null,"gold_enrichment_from":null,"enrichment_type":null,"enrichment_webhook_id":null,"locked":true,"type":0,"regex_pattern":null,"regex_flags":null},{"dataset_id":0,"entity_id":null,"is_open":true,"is_activated":true,"slug":"nationality","created_at":"2021-05-23T19:05:17.630Z","updated_at":"2021-05-23T19:05:17.630Z","strictness":null,"enrichment_strictness":95,"is_custom":false,"color":"#e3d0ff","name":"NATIONALITY","is_forking":false,"webhook_id":null,"gold_enrichment_from":null,"enrichment_type":null,"enrichment_webhook_id":null,"locked":true,"type":0,"regex_pattern":null,"regex_flags":null},{"dataset_id":0,"entity_id":null,"is_open":true,"is_activated":true,"slug":"pronoun","created_at":"2021-05-23T19:05:17.631Z","updated_at":"2021-05-23T19:05:17.631Z","strictness":null,"enrichment_strictness":95,"is_custom":false,"color":"#cffff4","name":"PRONOUN","is_forking":false,"webhook_id":null,"gold_enrichment_from":null,"enrichment_type":null,"enrichment_webhook_id":null,"locked":true,"type":0,"regex_pattern":null,"regex_flags":null},{"dataset_id":0,"entity_id":null,"is_open":true,"is_activated":true,"slug":"ip","created_at":"2021-05-23T19:05:17.629Z","updated_at":"2021-05-23T19:05:17.629Z","strictness":null,"enrichment_strictness":95,"is_custom":false,"color":"#faf4b3","name":"IP","is_forking":false,"webhook_id":null,"gold_enrichment_from":null,"enrichment_type":null,"enrichment_webhook_id":null,"locked":true,"type":0,"regex_pattern":null,"regex_flags":null},{"dataset_id":0,"entity_id":null,"is_open":true,"is_activated":true,"slug":"sort","created_at":"2021-05-23T19:05:17.631Z","updated_at":"2021-05-23T19:05:17.631Z","strictness":null,"enrichment_strictness":95,"is_custom":false,"color":"#ffd5be","name":"SORT","is_forking":false,"webhook_id":null,"gold_enrichment_from":null,"enrichment_type":null,"enrichment_webhook_id":null,"locked":true,"type":0,"regex_pattern":null,"regex_flags":null},{"dataset_id":0,"entity_id":null,"is_open":true,"is_activated":true,"slug":"datetime","created_at":"2021-05-23T19:05:17.629Z","updated_at":"2021-05-23T19:05:17.629Z","strictness":null,"enrichment_strictness":95,"is_custom":false,"color":"#f9c6ed","name":"DATETIME","is_forking":false,"webhook_id":null,"gold_enrichment_from":null,"enrichment_type":null,"enrichment_webhook_id":null,"locked":true,"type":0,"regex_pattern":null,"regex_flags":null},{"dataset_id":0,"entity_id":null,"is_open":true,"is_activated":true,"slug":"percent","created_at":"2021-05-23T19:05:17.630Z","updated_at":"2021-05-23T19:05:17.630Z","strictness":null,"enrichment_strictness":95,"is_custom":false,"color":"#fafdcb","name":"PERCENT","is_forking":false,"webhook_id":null,"gold_enrichment_from":null,"enrichment_type":null,"enrichment_webhook_id":null,"locked":true,"type":0,"regex_pattern":null,"regex_flags":null}],"expressions":[],"tagged_tokens":[],"synonyms":[],"validation_files":[],"enrichment_pair_keys":[],"default_enrichment_values":[],"enrichment_groups":[],"enrichment_pair_values":[],"entity_group_values":[]}