{"bot_versions":[{"bot_id":"5c056280-470d-4c6b-9928-ad603b1ffa3f","version_id":"4e67099c-50fd-4e45-a6b6-68fe33e44abc","web_requests":[{"auth":null,"body":null,"api_service_response":null,"header":{"id":null,"mode":"custom","parameters":"{\"Content-Type\":\"application/json\"}","template_name":null},"http_type":"POST","request_type":"webhook","url":"/track_parcel","base_url":null,"collection":{"collection_id":"f074e53a-92fa-46be-a0d9-d516374f4a6d","collection_type":"skills"},"reference":{"reference_id":"c7759396-6215-4ed4-9275-1084d85176b8","reference_type":"actions"},"response_mapping":null,"include_headers":false,"system_alias_used":false},{"auth":null,"body":null,"api_service_response":null,"header":{"id":null,"mode":"custom","parameters":"{\"Content-Type\":\"application/json\"}","template_name":null},"http_type":"POST","request_type":"webhook","url":"/get_location_thumbnail","base_url":null,"collection":{"collection_id":"b1950450-0e16-4b7b-84d1-cec427668d51","collection_type":"skills"},"reference":{"reference_id":"3d053330-9d06-468a-bb95-3d57cfd3da92","reference_type":"actions"},"response_mapping":null,"include_headers":false,"system_alias_used":false}],"templates":{"header":[],"body":[]},"system_aliases":[],"enable_system_aliases":false}]}