{
  "uid" : "b233b921-99f6-4432-8da0-37a9b90d4c26",
  "name" : "excelRead",
  "identifier" : "excelRead",
  "type" : "automation",
  "visibility" : true,
  "header" : {
    "inputs" : [ {
      "description" : "",
      "identifier" : "inputPath",
      "type" : "simple",
      "typeName" : "string",
      "typeValue" : "string",
      "dimension" : 0,
      "container" : null
    } ],
    "outputs" : [ {
      "description" : "",
      "identifier" : "excelFlag",
      "type" : "simple",
      "typeName" : "boolean",
      "typeValue" : "boolean",
      "dimension" : 0,
      "container" : null
    }, {
      "description" : "",
      "identifier" : "excelSystemData",
      "type" : "complex",
      "typeName" : "xlSystemDetails",
      "typeValue" : "$.73050aaa-2154-4d50-8b84-d6fbca968c25",
      "dimension" : 0,
      "container" : {
        "projectUid" : "bbe27f4b-61cc-4d3c-982c-c9a6a63bb9b4"
      }
    }, {
      "description" : "",
      "identifier" : "excelTabData",
      "type" : "complex",
      "typeName" : "xlTab",
      "typeValue" : "$.dd70a6e5-da9f-4b0d-9e77-c7386b7a5840",
      "dimension" : 0,
      "container" : {
        "projectUid" : "bbe27f4b-61cc-4d3c-982c-c9a6a63bb9b4"
      }
    } ],
    "maxDuration" : 600,
    "triggerable" : false,
    "hasAddJobSubAutomations" : false,
    "scriptUids" : [ ]
  },
  "validity" : true,
  "dependencies" : [ {
    "artifactUid" : "b2b39969-be3a-32e5-b4cb-3ebfacb6d3e5",
    "artifactContainerUid" : "5681787c-72b1-4102-a50c-b959824fae1d",
    "packageUid" : "105f6259-cdaf-414b-86ea-5bc670448046",
    "packageAlias" : "irpa_excel"
  }, {
    "artifactUid" : "dd70a6e5-da9f-4b0d-9e77-c7386b7a5840",
    "artifactContainerUid" : "18f7077c-af31-4ca1-950b-c7df8acfc79c"
  }, {
    "artifactUid" : "9d97d190-ddae-3b68-bf21-ac94e6bc05e4",
    "artifactContainerUid" : "5681787c-72b1-4102-a50c-b959824fae1d",
    "packageUid" : "105f6259-cdaf-414b-86ea-5bc670448046",
    "packageAlias" : "irpa_excel"
  }, {
    "artifactUid" : "079265fd-0cc3-37ff-9896-ef34682a481b",
    "artifactContainerUid" : "5681787c-72b1-4102-a50c-b959824fae1d",
    "packageUid" : "105f6259-cdaf-414b-86ea-5bc670448046",
    "packageAlias" : "irpa_excel"
  }, {
    "artifactUid" : "73050aaa-2154-4d50-8b84-d6fbca968c25",
    "artifactContainerUid" : "18f7077c-af31-4ca1-950b-c7df8acfc79c"
  }, {
    "artifactUid" : "ad8424e5-0004-31e8-b7c2-cd871847e3e3",
    "artifactContainerUid" : "5681787c-72b1-4102-a50c-b959824fae1d",
    "packageUid" : "105f6259-cdaf-414b-86ea-5bc670448046",
    "packageAlias" : "irpa_excel"
  }, {
    "artifactUid" : "aab5ad95-d8dd-3ea2-b24d-17c88b53b37c",
    "artifactContainerUid" : "82ffeffc-25ed-4fdd-936e-ccb6cbce6dc0",
    "packageUid" : "2dbcfd22-58ea-49a2-99d6-005f5bb902c3",
    "packageAlias" : "irpa_core"
  }, {
    "artifactUid" : "85f236e5-d0b7-3e67-8e0f-3ed749a46aee",
    "artifactContainerUid" : "82ffeffc-25ed-4fdd-936e-ccb6cbce6dc0",
    "packageUid" : "2dbcfd22-58ea-49a2-99d6-005f5bb902c3",
    "packageAlias" : "irpa_core"
  }, {
    "artifactUid" : "f2fee1f4-25ef-3451-a66b-11b328ea34f4",
    "artifactContainerUid" : "82ffeffc-25ed-4fdd-936e-ccb6cbce6dc0",
    "packageUid" : "2dbcfd22-58ea-49a2-99d6-005f5bb902c3",
    "packageAlias" : "irpa_core"
  } ],
  "contents" : [ {
    "uid" : "9cc2fbc7-6362-478d-b9e5-3677141eb403",
    "name" : "content",
    "mimeType" : "application/json",
    "size" : 144521,
    "lastUpdateRelease" : "2104.00"
  } ],
  "exportRelease" : "2105.02",
  "lastHeaderUpdateRelease" : "2101.00"
}