{"bot_versions":[{"id":"344f1cce-9369-4600-9951-e1d5293bb6f5","version_id":"6d4cb271-e3d7-4c2c-ae20-859a0d4c05f1","bot_id":"501ce072-1a7c-4363-bafb-6eb1d6ca83ad","slug":"v","skills":[{"id":"01750a50-21b7-4aad-85f0-342d930861e7","name":"small-talk","builder":{"id":"344f1cce-9369-4600-9951-e1d5293bb6f5"},"slug":"small-talk","readme":"# README\n\n> You can update this readme to explain what your skill does.","ui":"{\"x\":34,\"y\":21}","in_condition":{"id":"cb10a18a-64a4-43ae-90d2-fd819ce615e4","type":"and","position":0,"children":[{"id":"c0710c4d-49ed-40da-a1ae-0b22b74e2bca","type":"or","position":0,"children":[{"id":"9893636e-c960-42ae-a599-3d200aebec1e","type":"data","position":0,"operator":{"id":"in","name":"in"},"left":[{"id":"0955df28-86fb-42f9-a928-91903a366851","condition":{"id":"9893636e-c960-42ae-a599-3d200aebec1e"},"is_left":true,"type":"interpreted","value":"?qna.disambiguations.0.slug"}],"right":{"de":[{"id":"1a167da2-edfa-4c60-9fdd-57eef3940aa5","condition":{"id":"9893636e-c960-42ae-a599-3d200aebec1e"},"is_left":false,"type":"string","value":"hello","language":"de"},{"id":"df024bc7-914f-4365-ae3a-a5e7e535012c","condition":{"id":"9893636e-c960-42ae-a599-3d200aebec1e"},"is_left":false,"type":"string","value":"goodbye","language":"de"},{"id":"34589342-e6a3-46e4-b239-d53c4b45d9ea","condition":{"id":"9893636e-c960-42ae-a599-3d200aebec1e"},"is_left":false,"type":"string","value":"thank you","language":"de"}],"es":[{"id":"e749e3e6-6597-485d-aef2-31b90d124238","condition":{"id":"9893636e-c960-42ae-a599-3d200aebec1e"},"is_left":false,"type":"string","value":"thank you","language":"es"},{"id":"863ee5fa-5594-477c-a98a-38b53250a940","condition":{"id":"9893636e-c960-42ae-a599-3d200aebec1e"},"is_left":false,"type":"string","value":"hello","language":"es"},{"id":"6554667e-0853-4ef5-b52e-504e1c2159b1","condition":{"id":"9893636e-c960-42ae-a599-3d200aebec1e"},"is_left":false,"type":"string","value":"goodbye","language":"es"}],"fr":[{"id":"fe62c237-c616-4c49-8f83-bb5ea12235c0","condition":{"id":"9893636e-c960-42ae-a599-3d200aebec1e"},"is_left":false,"type":"string","value":"hello","language":"fr"},{"id":"ef54e861-b6b2-4460-8c66-f495626e8ec7","condition":{"id":"9893636e-c960-42ae-a599-3d200aebec1e"},"is_left":false,"type":"string","value":"thank you","language":"fr"},{"id":"414e2196-013a-48f6-80a2-52448a1576b5","condition":{"id":"9893636e-c960-42ae-a599-3d200aebec1e"},"is_left":false,"type":"string","value":"goodbye","language":"fr"}],"en":[{"id":"10086a86-ba8b-4ed0-8173-4f823df12ed6","condition":{"id":"9893636e-c960-42ae-a599-3d200aebec1e"},"is_left":false,"type":"string","value":"hello","language":"en"},{"id":"1ff7f9eb-936c-416c-97c2-6afe0e96aab8","condition":{"id":"9893636e-c960-42ae-a599-3d200aebec1e"},"is_left":false,"type":"string","value":"goodbye","language":"en"},{"id":"6c17424f-e808-4d3d-82ef-76cc90134565","condition":{"id":"9893636e-c960-42ae-a599-3d200aebec1e"},"is_left":false,"type":"string","value":"thank you","language":"en"}]}}]}]},"is_active":true,"skill_titles":[],"type":"floating"},{"id":"17a1f710-329e-4aca-a735-da0bf8a34964","name":"customer-satisfaction-prompt","builder":{"id":"344f1cce-9369-4600-9951-e1d5293bb6f5"},"slug":"customer-satisfaction-prompt","readme":"# README\n\n> You can update this readme to explain what your skill does.","ui":"{\"x\":45,\"y\":10}","in_condition":{},"is_active":true,"skill_titles":[],"type":"floating"},{"id":"6839cfbc-e6bd-42a9-b1ed-4f04eecdd303","name":"faq","builder":{"id":"344f1cce-9369-4600-9951-e1d5293bb6f5"},"slug":"faq","readme":"# README\n\n> You can update this readme to explain what your skill does.","ui":"{\"x\":32,\"y\":4}","in_condition":{"id":"5daaad96-6fc6-4211-b7b8-763aa5d3015d","type":"and","position":0,"children":[{"id":"d5c1e7ea-e9d4-4bf4-a22a-7aeea930c0ca","type":"and","position":0,"children":[{"id":"a5a0a61d-2b91-4e8e-8585-2ae927f41d6b","type":"data","position":0,"operator":{"id":"is-present","name":"is-present"},"left":[{"id":"c36c63ad-e335-4523-b467-af5bb22f578d","condition":{"id":"a5a0a61d-2b91-4e8e-8585-2ae927f41d6b"},"is_left":true,"type":"interpreted","value":"?qna.faq.answers"}],"right":{}},{"id":"cdc348b2-a900-4a72-a5df-a54b5b31c3ca","type":"data","position":1,"operator":{"id":"is","name":"is"},"left":[{"id":"e44bb634-26e9-4f31-bf89-1869828de93d","condition":{"id":"cdc348b2-a900-4a72-a5df-a54b5b31c3ca"},"is_left":true,"type":"interpreted","value":"?qna.disambiguations.0.slug"}],"right":{"de":[{"id":"5cccc4e8-d614-4f4c-b891-62168df93c64","condition":{"id":"cdc348b2-a900-4a72-a5df-a54b5b31c3ca"},"is_left":false,"type":"string","value":"faq","language":"de"}],"es":[{"id":"58e2b910-7bb6-4b22-a816-53a95919c3de","condition":{"id":"cdc348b2-a900-4a72-a5df-a54b5b31c3ca"},"is_left":false,"type":"string","value":"faq","language":"es"}],"fr":[{"id":"21e04108-a3ca-43b7-9a8b-c343f91e25fd","condition":{"id":"cdc348b2-a900-4a72-a5df-a54b5b31c3ca"},"is_left":false,"type":"string","value":"faq","language":"fr"}],"en":[{"id":"6743c1dc-2b5b-4e4e-9868-3e8a15dc58f6","condition":{"id":"cdc348b2-a900-4a72-a5df-a54b5b31c3ca"},"is_left":false,"type":"string","value":"faq","language":"en"}]}}]}]},"is_active":true,"skill_titles":[],"type":"business"},{"id":"95356892-223f-43f0-bf81-2ab9e6e1302e","name":"customer-satisfaction-reply","builder":{"id":"344f1cce-9369-4600-9951-e1d5293bb6f5"},"slug":"customer-satisfaction-reply","readme":"# README\n\n> You can update this readme to explain what your skill does.","ui":"{\"x\":22,\"y\":10}","in_condition":{"id":"a3cf4d0d-ddda-47b2-9db2-1a5a22a05cc7","type":"and","position":0,"children":[{"id":"f00880f5-6e04-4a28-ae6b-7f0c5746372b","type":"and","position":0,"children":[{"id":"12f3cdd0-505f-4734-97d4-52eea8ba2ba7","type":"data","position":0,"operator":{"id":"is","name":"is"},"left":[{"id":"6d2eff6f-f7c8-4f8d-a7da-c644cf14684c","condition":{"id":"12f3cdd0-505f-4734-97d4-52eea8ba2ba7"},"is_left":true,"type":"memory","value":"collect_response"}],"right":{"de":[{"id":"b117ac22-95dd-45eb-8661-302dec88b88c","condition":{"id":"12f3cdd0-505f-4734-97d4-52eea8ba2ba7"},"is_left":false,"type":"string","value":"true","language":"de"}],"es":[{"id":"a43384c0-b654-4b34-ab76-89783e0a0df1","condition":{"id":"12f3cdd0-505f-4734-97d4-52eea8ba2ba7"},"is_left":false,"type":"string","value":"true","language":"es"}],"fr":[{"id":"58b9ca06-bb6c-401c-bfcb-bdceebf0a146","condition":{"id":"12f3cdd0-505f-4734-97d4-52eea8ba2ba7"},"is_left":false,"type":"string","value":"true","language":"fr"}],"en":[{"id":"e3a18976-32d4-444a-88a2-ad1c93ef21fe","condition":{"id":"12f3cdd0-505f-4734-97d4-52eea8ba2ba7"},"is_left":false,"type":"string","value":"true","language":"en"}]}},{"id":"3cf53e66-587c-4182-9f21-34b95ee2a40e","type":"data","position":1,"operator":{"id":"in","name":"in"},"left":[{"id":"c40d9420-1e27-4a67-a749-252241a61dc7","condition":{"id":"3cf53e66-587c-4182-9f21-34b95ee2a40e"},"is_left":true,"type":"interpreted","value":"?qna.disambiguations.0.slug"}],"right":{"de":[{"id":"622a0628-cb5e-45a7-b5f8-dd99ffd9e8cb","condition":{"id":"3cf53e66-587c-4182-9f21-34b95ee2a40e"},"is_left":false,"type":"string","value":"no","language":"de"},{"id":"716f7165-2dfb-4121-91b3-03a53e60073e","condition":{"id":"3cf53e66-587c-4182-9f21-34b95ee2a40e"},"is_left":false,"type":"string","value":"yes","language":"de"}],"es":[{"id":"2782b8da-6118-4f42-9168-819fe407b4b9","condition":{"id":"3cf53e66-587c-4182-9f21-34b95ee2a40e"},"is_left":false,"type":"string","value":"no","language":"es"},{"id":"31d7aeb9-c43e-4c20-bc9e-940cc173efcb","condition":{"id":"3cf53e66-587c-4182-9f21-34b95ee2a40e"},"is_left":false,"type":"string","value":"yes","language":"es"}],"fr":[{"id":"fc230392-62d0-4bda-9804-608b3c876323","condition":{"id":"3cf53e66-587c-4182-9f21-34b95ee2a40e"},"is_left":false,"type":"string","value":"yes","language":"fr"},{"id":"3b7c90cf-f063-4c1f-a486-5cccfd1e83b3","condition":{"id":"3cf53e66-587c-4182-9f21-34b95ee2a40e"},"is_left":false,"type":"string","value":"no","language":"fr"}],"en":[{"id":"338335a6-8396-447c-8a24-c26b0e91f207","condition":{"id":"3cf53e66-587c-4182-9f21-34b95ee2a40e"},"is_left":false,"type":"string","value":"yes","language":"en"},{"id":"dce34440-311b-4747-b0e4-b6fe2d0884d7","condition":{"id":"3cf53e66-587c-4182-9f21-34b95ee2a40e"},"is_left":false,"type":"string","value":"no","language":"en"}]}}]}]},"is_active":true,"skill_titles":[],"type":"floating"}],"skill_groups":[]}]}