{
  "uid" : "e6798c4b-6827-42a1-bc91-fc524da07069",
  "name" : "xlSystemDetails",
  "identifier" : "xlSystemDetails",
  "type" : "datatype",
  "visibility" : true,
  "header" : {
    "$schema" : "http://json-schema.org/draft-07/schema#",
    "type" : "object",
    "title" : "xlSystemDetails",
    "properties" : {
      "systemID" : {
        "type" : "string",
        "uid" : "b4f5aba9-b13b-4326-a4a3-a00dd8fa05fd"
      },
      "ssoFlag" : {
        "type" : "string",
        "uid" : "a7e112bb-887f-45e0-905e-8e672541f44f"
      },
      "client" : {
        "type" : "string",
        "uid" : "0650161c-65a9-41d9-be6b-d944eba4c2ef"
      },
      "outputPath" : {
        "type" : "string",
        "uid" : "dde554e7-6b15-4f1d-a263-11954a0308f7"
      }
    },
    "required" : [ ]
  },
  "validity" : true,
  "exportRelease" : "2105.02",
  "lastHeaderUpdateRelease" : "2101.00"
}