{"bot_versions":[{"id":"cf93f7a6-8b70-413f-9660-4efbe4b7435e","version_id":"4e67099c-50fd-4e45-a6b6-68fe33e44abc","bot_id":"5c056280-470d-4c6b-9928-ad603b1ffa3f","slug":"v","skills":[{"id":"46afedc3-af37-419b-9744-a3396c149bce","name":"fallback","builder":{"id":"cf93f7a6-8b70-413f-9660-4efbe4b7435e"},"slug":"fallback","readme":"# README\n\n> You can update this readme to explain what your skill does.","ui":"{\"x\":13,\"y\":22}","in_condition":{},"is_active":true,"skill_titles":[],"type":"fallback"},{"id":"bf4094a2-7bab-4619-8a0a-da695e1114d8","name":"Disambiguation","builder":{"id":"cf93f7a6-8b70-413f-9660-4efbe4b7435e"},"slug":"disambiguation","readme":"### Disambiguation Skill\n\nThis skill models the generic behaviour of the disambiguation skill, which is triggered when multiple skills are available for execution and the end user needs to choose the desired skill for execution.","ui":"{\"x\":27,\"y\":22}","in_condition":{},"is_active":true,"skill_titles":[],"type":"disambiguation"},{"id":"f074e53a-92fa-46be-a0d9-d516374f4a6d","name":"track-parcel","builder":{"id":"cf93f7a6-8b70-413f-9660-4efbe4b7435e"},"slug":"track-parcel","readme":"# README\n\n> You can update this readme to explain what your skill does.","ui":"{\"x\":44,\"y\":13}","in_condition":{"id":"c27bf128-ce0c-4155-bf87-a1426ecb2c72","type":"and","position":0,"children":[{"id":"8503f4bc-4d19-4cca-a263-0caa58bcfc4a","type":"or","position":0,"children":[{"id":"4feb1a27-d9fb-4bdc-95c7-371cf897146c","type":"data","position":0,"operator":{"id":"is-present","name":"is-present"},"left":[{"id":"6995e11c-6db8-4e2d-8090-9328ab7a055e","condition":{"id":"4feb1a27-d9fb-4bdc-95c7-371cf897146c"},"is_left":true,"type":"interpreted","value":"@track-parcel"}],"right":{}},{"id":"59e395d6-06fd-40ea-8464-da55b2ad8f73","type":"data","position":1,"operator":{"id":"is","name":"is"},"left":[{"id":"3cf2d264-0361-4520-b864-acedf3b23d1e","condition":{"id":"59e395d6-06fd-40ea-8464-da55b2ad8f73"},"is_left":true,"type":"memory","value":"memory"}],"right":{"en":[{"id":"47c09b86-0f59-4f16-9704-fec5a40b481d","condition":{"id":"59e395d6-06fd-40ea-8464-da55b2ad8f73"},"is_left":false,"type":"string","value":"{{memory.value}}","language":"en"}]}}]}]},"is_active":true,"skill_titles":[],"type":"floating"},{"id":"b1950450-0e16-4b7b-84d1-cec427668d51","name":"price-parcel","builder":{"id":"cf93f7a6-8b70-413f-9660-4efbe4b7435e"},"slug":"price-parcel","readme":"# README\n\n> You can update this readme to explain what your skill does.","ui":"{\"x\":24,\"y\":9}","in_condition":{"id":"6c45321b-2e4b-4656-89a4-38ac6983f2d1","type":"and","position":0,"children":[{"id":"20cfb287-fc22-4fba-9258-650b6b25f7f3","type":"or","position":0,"children":[{"id":"2116f8d1-c64c-493a-bdb7-d16e3168c91c","type":"data","position":0,"operator":{"id":"is-present","name":"is-present"},"left":[{"id":"6bab5871-0c08-403e-aef1-a3a5a9f8999d","condition":{"id":"2116f8d1-c64c-493a-bdb7-d16e3168c91c"},"is_left":true,"type":"interpreted","value":"@rate-parcel"}],"right":{}}]}]},"is_active":true,"skill_titles":[],"type":"business"}],"skill_groups":[]}]}