{
  "uid" : "73050aaa-2154-4d50-8b84-d6fbca968c25",
  "name" : "xlSystemDetails",
  "identifier" : "xlSystemDetails",
  "type" : "datatype",
  "visibility" : true,
  "header" : {
    "$schema" : "http://json-schema.org/draft-07/schema#",
    "type" : "object",
    "title" : "xlSystemDetails",
    "properties" : {
      "systemID" : {
        "type" : "string",
        "uid" : "c28ed2a8-177e-4e75-a588-11fc272fd32d"
      },
      "ssoFlag" : {
        "type" : "string",
        "uid" : "19397afa-0c8f-4f4f-b534-8752bb0fe387"
      },
      "client" : {
        "type" : "string",
        "uid" : "2469b1f7-ee80-405c-96b1-e88931a24fa8"
      },
      "outputPath" : {
        "type" : "string",
        "uid" : "83db36f0-fc2f-4d2f-a362-456f47a4a97c"
      },
      "variantName" : {
        "type" : "string",
        "uid" : "f8c8df0b-c725-46e6-b710-15a17691eaf7"
      }
    }
  },
  "validity" : true,
  "exportRelease" : "2105.02",
  "lastHeaderUpdateRelease" : "2101.00"
}