{
  "uid" : "92e40d4d-c2ee-4a69-846b-00ac57a87b05",
  "name" : "SAPLogon760",
  "identifier" : "sAPLogon760",
  "type" : "application",
  "visibility" : true,
  "header" : {
    "identifier" : "sAPLogon760",
    "applicationProperties" : {
      "settings" : {
        "applicationPath" : "C:\\Program Files (x86)\\SAP\\FrontEnd\\SAPgui\\saplogon.exe"
      },
      "techno" : "UIAutomation"
    },
    "data" : {
      "uwpLaunchCommandLine" : null,
      "criteria" : [ {
        "attribute" : "EXE",
        "rule" : "equals",
        "value" : "SAPLOGON.EXE"
      } ]
    },
    "screens" : [ {
      "data" : {
        "criteria" : [ {
          "attribute" : "Name",
          "rule" : "contains",
          "value" : "SAP Logon"
        } ],
        "customType" : "Window"
      },
      "captures" : [ {
        "name" : "Capture",
        "index" : 1,
        "hash" : -122293230
      } ],
      "identifier" : "sAPLogon760",
      "items" : [ {
        "boundingRects" : [ {
          "captureRef" : 1,
          "origin" : true,
          "top" : 137,
          "left" : 214,
          "width" : 365,
          "height" : 395
        } ],
        "data" : {
          "controlType" : "DataGrid",
          "criteria" : [ {
            "attribute" : "ControlType",
            "rule" : "equals",
            "value" : "DataGrid"
          }, {
            "attribute" : "TAG",
            "rule" : "equals",
            "value" : "DataGrid"
          } ],
          "direct" : false,
          "occurs" : false
        },
        "identifier" : "dataGrid",
        "ignoredCaptures" : [ ],
        "name" : "dataGrid",
        "occurs" : false,
        "settings" : {
          "UseWin32Events" : false
        },
        "type" : "DataGrid",
        "uid" : "5073488e-06bf-42d0-9d68-d753359a1e2f"
      } ],
      "mustExists" : [ ],
      "mustNotExists" : [ ],
      "name" : "SAPLogon760",
      "settings" : { },
      "techno" : "UIAutomation",
      "type" : "UIAutomationPage",
      "uid" : "def16bb7-ffb1-46a3-99bd-01d085f30259"
    }, {
      "data" : {
        "criteria" : [ {
          "attribute" : "Text",
          "rule" : "contains",
          "value" : "SAP Easy Access"
        } ],
        "customType" : "GuiMainWindow"
      },
      "captures" : [ {
        "name" : "Capture 1",
        "index" : 1,
        "hash" : -1551056782
      } ],
      "identifier" : "sAPEasyAccess",
      "items" : [ {
        "boundingRects" : [ {
          "captureRef" : 1,
          "origin" : true,
          "top" : 99,
          "left" : 78,
          "width" : 156,
          "height" : 26
        } ],
        "data" : {
          "controlType" : "GuiOkCodeField",
          "customType" : "GuiOkCodeField",
          "technoInterfaces" : [ "irpa_core.SAPScripting.GuiItem" ],
          "criteria" : [ {
            "attribute" : "TAG",
            "rule" : "equals",
            "value" : "GuiOkCodeField"
          }, {
            "attribute" : "Name",
            "rule" : "equals",
            "value" : "okcd"
          } ],
          "direct" : false,
          "occurs" : false
        },
        "identifier" : "tCode",
        "ignoredCaptures" : [ ],
        "name" : "tCode",
        "occurs" : false,
        "settings" : { },
        "type" : "GuiOkCodeField",
        "uid" : "084febb5-7beb-46c9-8990-bc241999fa87"
      } ],
      "mustExists" : [ ],
      "mustNotExists" : [ ],
      "name" : "SAP Easy Access",
      "settings" : { },
      "techno" : "SAPGUI",
      "type" : "GuiMainWindow",
      "uid" : "3ac67ab3-2408-4577-9ce3-621c49bb4941"
    }, {
      "data" : {
        "criteria" : [ {
          "attribute" : "Text",
          "rule" : "contains",
          "value" : "ABAP: Variant Directory"
        } ],
        "customType" : "GuiModalWindow"
      },
      "captures" : [ {
        "name" : "Capture 1",
        "index" : 1,
        "hash" : 79373183
      } ],
      "identifier" : "aBAPVariantDirectoryOfProgra",
      "items" : [ {
        "boundingRects" : [ {
          "captureRef" : 1,
          "origin" : true,
          "top" : 140,
          "left" : 21,
          "width" : 461,
          "height" : 253
        } ],
        "data" : {
          "controlType" : "Pane",
          "customType" : "GuiGridViewPane",
          "technoInterfaces" : [ ],
          "criteria" : [ {
            "attribute" : "TAG",
            "rule" : "equals",
            "value" : "Pane"
          }, {
            "attribute" : "AutomationId",
            "rule" : "equals",
            "value" : "1"
          }, {
            "attribute" : "ClassName",
            "rule" : "equals",
            "value" : "SAPALVGrid"
          } ],
          "direct" : false,
          "occurs" : false
        },
        "identifier" : "variantGrid",
        "ignoredCaptures" : [ ],
        "name" : "variantGrid",
        "occurs" : false,
        "settings" : { },
        "type" : "GuiGridViewPane",
        "uid" : "41ccd316-9840-4190-ba89-f04836b130f8"
      } ],
      "mustExists" : [ ],
      "mustNotExists" : [ ],
      "name" : "ABAP: Variant Directory of Program RFITEMGL",
      "settings" : { },
      "techno" : "SAPGUI",
      "type" : "GuiModalWindow",
      "uid" : "0b834d58-5bfe-4c93-85e5-42e2e8a2957b"
    }, {
      "data" : {
        "criteria" : [ {
          "attribute" : "Text",
          "rule" : "equals",
          "value" : "SAP"
        } ],
        "customType" : "GuiMainWindow"
      },
      "captures" : [ {
        "name" : "Capture 1",
        "index" : 1,
        "hash" : 1325464686
      } ],
      "identifier" : "sAP",
      "items" : [ {
        "boundingRects" : [ {
          "captureRef" : 1,
          "origin" : true,
          "top" : 151,
          "left" : 179,
          "width" : 31,
          "height" : 24
        } ],
        "data" : {
          "controlType" : "GuiTextField",
          "customType" : "GuiTextField",
          "technoInterfaces" : [ ],
          "criteria" : [ {
            "attribute" : "TAG",
            "rule" : "equals",
            "value" : "GuiTextField"
          }, {
            "attribute" : "Name",
            "rule" : "equals",
            "value" : "RSYST-MANDT"
          } ],
          "direct" : false,
          "occurs" : false
        },
        "identifier" : "client",
        "ignoredCaptures" : [ ],
        "name" : "client",
        "occurs" : false,
        "settings" : { },
        "type" : "GuiTextField",
        "uid" : "006a90be-0336-40fb-8f10-f4d2e5c7b0de"
      }, {
        "boundingRects" : [ {
          "captureRef" : 1,
          "origin" : true,
          "top" : 205,
          "left" : 179,
          "width" : 103,
          "height" : 24
        } ],
        "data" : {
          "controlType" : "GuiTextField",
          "customType" : "GuiTextField",
          "technoInterfaces" : [ ],
          "criteria" : [ {
            "attribute" : "TAG",
            "rule" : "equals",
            "value" : "GuiTextField"
          }, {
            "attribute" : "Name",
            "rule" : "equals",
            "value" : "RSYST-BNAME"
          } ],
          "direct" : false,
          "occurs" : false
        },
        "identifier" : "user",
        "ignoredCaptures" : [ ],
        "name" : "user",
        "occurs" : false,
        "settings" : { },
        "type" : "GuiTextField",
        "uid" : "832daf24-1d7b-43af-ac00-a2d161f5f265"
      }, {
        "boundingRects" : [ {
          "captureRef" : 1,
          "origin" : true,
          "top" : 232,
          "left" : 179,
          "width" : 103,
          "height" : 24
        } ],
        "data" : {
          "controlType" : "GuiPasswordField",
          "customType" : "GuiPasswordField",
          "technoInterfaces" : [ ],
          "criteria" : [ {
            "attribute" : "TAG",
            "rule" : "equals",
            "value" : "GuiPasswordField"
          }, {
            "attribute" : "Name",
            "rule" : "equals",
            "value" : "RSYST-BCODE"
          } ],
          "direct" : false,
          "occurs" : false
        },
        "identifier" : "password",
        "ignoredCaptures" : [ ],
        "name" : "password",
        "occurs" : false,
        "settings" : { },
        "type" : "GuiPasswordField",
        "uid" : "4a9f5abe-e878-42e2-82fe-7bbbcf58565d"
      }, {
        "boundingRects" : [ {
          "captureRef" : 1,
          "origin" : true,
          "top" : 1000,
          "left" : 16,
          "width" : 1904,
          "height" : 40
        } ],
        "data" : {
          "controlType" : "GuiStatusbar",
          "customType" : "GuiStatusbar",
          "technoInterfaces" : [ "irpa_core.SAPScripting.GuiItem" ],
          "criteria" : [ {
            "attribute" : "TAG",
            "rule" : "equals",
            "value" : "GuiStatusbar"
          }, {
            "attribute" : "Name",
            "rule" : "equals",
            "value" : "sbar"
          } ],
          "direct" : false,
          "occurs" : false
        },
        "identifier" : "status",
        "ignoredCaptures" : [ ],
        "name" : "status",
        "occurs" : false,
        "settings" : { },
        "type" : "GuiStatusbar",
        "uid" : "a642981e-8201-4ac1-8c46-dd34c43f3cb6"
      } ],
      "mustExists" : [ "4a9f5abe-e878-42e2-82fe-7bbbcf58565d" ],
      "mustNotExists" : [ ],
      "name" : "SAP",
      "settings" : { },
      "techno" : "SAPGUI",
      "type" : "GuiMainWindow",
      "uid" : "c0d87121-d05d-4e0b-bde1-6d402af55eed"
    }, {
      "data" : {
        "criteria" : [ {
          "attribute" : "Text",
          "rule" : "contains",
          "value" : "License Information"
        } ],
        "customType" : "GuiModalWindow"
      },
      "captures" : [ {
        "name" : "Capture 1",
        "index" : 1,
        "hash" : -1439235988
      } ],
      "identifier" : "licenseInformationForMultipl",
      "items" : [ {
        "boundingRects" : [ {
          "captureRef" : 1,
          "origin" : true,
          "top" : 369,
          "left" : 20,
          "width" : 647,
          "height" : 24
        } ],
        "data" : {
          "controlType" : "GuiRadioButton",
          "customType" : "GuiRadioButton",
          "technoInterfaces" : [ ],
          "criteria" : [ {
            "attribute" : "TAG",
            "rule" : "equals",
            "value" : "GuiRadioButton"
          }, {
            "attribute" : "Id",
            "rule" : "contains",
            "value" : "MULTI_LOGON_OPT2"
          } ],
          "direct" : false,
          "occurs" : false
        },
        "identifier" : "loginMultiple",
        "ignoredCaptures" : [ ],
        "name" : "loginMultiple",
        "occurs" : false,
        "settings" : { },
        "type" : "GuiRadioButton",
        "uid" : "1d9df49c-1e67-43d0-83c8-b00ba615e9d0"
      } ],
      "mustExists" : [ ],
      "mustNotExists" : [ ],
      "name" : "License Information for Multiple Logon",
      "settings" : { },
      "techno" : "SAPGUI",
      "type" : "GuiModalWindow",
      "uid" : "1ac0dfa1-f27e-4636-9a5e-0c01801cd865"
    }, {
      "data" : {
        "criteria" : [ {
          "attribute" : "Text",
          "rule" : "contains",
          "value" : "SAP"
        } ],
        "customType" : "GuiMainWindow"
      },
      "captures" : [ {
        "name" : "Capture 1",
        "index" : 1,
        "hash" : 1620754849
      } ],
      "identifier" : "sAP1",
      "items" : [ {
        "boundingRects" : [ {
          "captureRef" : 1,
          "origin" : true,
          "top" : 419,
          "left" : 27,
          "width" : 100,
          "height" : 26
        }, {
          "captureRef" : 1,
          "top" : 446,
          "left" : 27,
          "width" : 100,
          "height" : 26
        } ],
        "data" : {
          "controlType" : "GuiButton",
          "customType" : "GuiButton",
          "technoInterfaces" : [ ],
          "criteria" : [ {
            "attribute" : "TAG",
            "rule" : "equals",
            "value" : "GuiButton"
          }, {
            "attribute" : "Name",
            "rule" : "equals",
            "value" : "IUSRACL-MANDT"
          } ],
          "direct" : false,
          "occurs" : true
        },
        "identifier" : "clients",
        "ignoredCaptures" : [ ],
        "name" : "clients",
        "occurs" : true,
        "settings" : { },
        "type" : "GuiButton",
        "uid" : "63abe9e9-c6d2-473b-ab0e-f0098a32a3d4"
      } ],
      "mustExists" : [ "63abe9e9-c6d2-473b-ab0e-f0098a32a3d4" ],
      "mustNotExists" : [ ],
      "name" : "SAP 1",
      "settings" : { },
      "techno" : "SAPGUI",
      "type" : "GuiMainWindow",
      "uid" : "5357dc70-1f9f-4add-821b-27df8c580374"
    }, {
      "data" : {
        "criteria" : [ {
          "attribute" : "Text",
          "rule" : "equals",
          "value" : "Find Variant"
        } ],
        "customType" : "GuiModalWindow"
      },
      "captures" : [ {
        "name" : "Capture 1",
        "index" : 1,
        "hash" : 168296164
      } ],
      "identifier" : "findVariant",
      "items" : [ {
        "boundingRects" : [ {
          "captureRef" : 1,
          "origin" : true,
          "top" : 72,
          "left" : 292,
          "width" : 119,
          "height" : 24
        } ],
        "data" : {
          "controlType" : "GuiTextField",
          "customType" : "GuiTextField",
          "technoInterfaces" : [ ],
          "criteria" : [ {
            "attribute" : "TAG",
            "rule" : "equals",
            "value" : "GuiTextField"
          }, {
            "attribute" : "Name",
            "rule" : "equals",
            "value" : "V-LOW"
          } ],
          "direct" : false,
          "occurs" : false
        },
        "identifier" : "variantName",
        "ignoredCaptures" : [ ],
        "name" : "variantName",
        "occurs" : false,
        "settings" : { },
        "type" : "GuiTextField",
        "uid" : "6d97200f-2ddd-49f3-8c3f-9817ce0b8480"
      }, {
        "boundingRects" : [ {
          "captureRef" : 1,
          "origin" : true,
          "top" : 126,
          "left" : 292,
          "width" : 103,
          "height" : 24
        } ],
        "data" : {
          "controlType" : "GuiTextField",
          "customType" : "GuiTextField",
          "technoInterfaces" : [ ],
          "criteria" : [ {
            "attribute" : "TAG",
            "rule" : "equals",
            "value" : "GuiTextField"
          }, {
            "attribute" : "Name",
            "rule" : "equals",
            "value" : "ENAME-LOW"
          } ],
          "direct" : false,
          "occurs" : false
        },
        "identifier" : "createdBy",
        "ignoredCaptures" : [ ],
        "name" : "createdBy",
        "occurs" : false,
        "settings" : { },
        "type" : "GuiTextField",
        "uid" : "beb3cea4-b277-42e6-9184-7f3e52a53617"
      } ],
      "mustExists" : [ ],
      "mustNotExists" : [ ],
      "name" : "Find Variant",
      "settings" : { },
      "techno" : "SAPGUI",
      "type" : "GuiModalWindow",
      "uid" : "165d4c8f-de3f-4a5a-849c-2726da471131"
    }, {
      "data" : {
        "criteria" : [ {
          "attribute" : "Text",
          "rule" : "equals",
          "value" : "Information"
        } ],
        "customType" : "GuiModalWindow"
      },
      "captures" : [ {
        "name" : "Capture 1",
        "index" : 1,
        "hash" : -1799677056
      } ],
      "identifier" : "information",
      "items" : [ {
        "boundingRects" : [ {
          "captureRef" : 1,
          "origin" : true,
          "top" : 72,
          "left" : 60,
          "width" : 407,
          "height" : 24
        } ],
        "data" : {
          "controlType" : "GuiTextField",
          "customType" : "GuiTextField",
          "technoInterfaces" : [ ],
          "criteria" : [ {
            "attribute" : "TAG",
            "rule" : "equals",
            "value" : "GuiTextField"
          }, {
            "attribute" : "Name",
            "rule" : "equals",
            "value" : "MESSTXT1"
          }, {
            "attribute" : "Text",
            "rule" : "contains",
            "value" : "No variants found"
          } ],
          "direct" : false,
          "occurs" : false
        },
        "identifier" : "errorVariant",
        "ignoredCaptures" : [ ],
        "name" : "errorVariant",
        "occurs" : false,
        "settings" : { },
        "type" : "GuiTextField",
        "uid" : "fc3686e2-d825-4a9b-9afc-ad0cf483f20c"
      } ],
      "mustExists" : [ "fc3686e2-d825-4a9b-9afc-ad0cf483f20c" ],
      "mustNotExists" : [ ],
      "name" : "Information",
      "settings" : { },
      "techno" : "SAPGUI",
      "type" : "GuiModalWindow",
      "uid" : "0a042451-a53b-442f-99a5-3be09c7bf1aa"
    }, {
      "data" : {
        "criteria" : [ {
          "attribute" : "Text",
          "rule" : "contains",
          "value" : "Material Document List"
        } ],
        "customType" : "GuiMainWindow"
      },
      "captures" : [ {
        "name" : "Capture 1",
        "index" : 1,
        "hash" : 442721710
      } ],
      "identifier" : "materialDocumentList",
      "items" : [ {
        "boundingRects" : [ {
          "captureRef" : 1,
          "origin" : true,
          "top" : 232,
          "left" : 291,
          "width" : 39,
          "height" : 24
        } ],
        "data" : {
          "controlType" : "GuiCTextField",
          "technoInterfaces" : [ "irpa_core.SAPScripting.GuiVComponent" ],
          "criteria" : [ {
            "attribute" : "TAG",
            "rule" : "equals",
            "value" : "GuiCTextField"
          }, {
            "attribute" : "Name",
            "rule" : "equals",
            "value" : "LGORT-LOW"
          } ],
          "direct" : false,
          "occurs" : false
        },
        "identifier" : "storageLocFrom",
        "ignoredCaptures" : [ ],
        "name" : "storageLocFrom",
        "occurs" : false,
        "settings" : { },
        "type" : "irpa_core.SAPScripting.GuiCTextField",
        "uid" : "ccc870d2-c31f-43ea-adba-fbf0a0547e7c"
      }, {
        "boundingRects" : [ {
          "captureRef" : 1,
          "origin" : true,
          "top" : 232,
          "left" : 491,
          "width" : 39,
          "height" : 24
        } ],
        "data" : {
          "controlType" : "GuiCTextField",
          "technoInterfaces" : [ "irpa_core.SAPScripting.GuiVComponent" ],
          "criteria" : [ {
            "attribute" : "TAG",
            "rule" : "equals",
            "value" : "GuiCTextField"
          }, {
            "attribute" : "Name",
            "rule" : "equals",
            "value" : "LGORT-HIGH"
          } ],
          "direct" : false,
          "occurs" : false
        },
        "identifier" : "storageLocTo",
        "ignoredCaptures" : [ ],
        "name" : "storageLocTo",
        "occurs" : false,
        "settings" : { },
        "type" : "irpa_core.SAPScripting.GuiCTextField",
        "uid" : "ed496e84-abb5-4cfd-860f-430e91c0df32"
      }, {
        "boundingRects" : [ {
          "captureRef" : 1,
          "origin" : true,
          "top" : 340,
          "left" : 291,
          "width" : 31,
          "height" : 24
        } ],
        "data" : {
          "controlType" : "GuiCTextField",
          "technoInterfaces" : [ "irpa_core.SAPScripting.GuiVComponent" ],
          "criteria" : [ {
            "attribute" : "TAG",
            "rule" : "equals",
            "value" : "GuiCTextField"
          }, {
            "attribute" : "Name",
            "rule" : "equals",
            "value" : "BWART-LOW"
          } ],
          "direct" : false,
          "occurs" : false
        },
        "identifier" : "movementTypeFrom",
        "ignoredCaptures" : [ ],
        "name" : "movementTypeFrom",
        "occurs" : false,
        "settings" : { },
        "type" : "irpa_core.SAPScripting.GuiCTextField",
        "uid" : "8d8eadd3-39cf-41fa-9eaf-d9df1f1090cd"
      }, {
        "boundingRects" : [ {
          "captureRef" : 1,
          "origin" : true,
          "top" : 1000,
          "left" : 16,
          "width" : 1904,
          "height" : 40
        } ],
        "data" : {
          "controlType" : "GuiStatusbar",
          "technoInterfaces" : [ "irpa_core.SAPScripting.GuiVComponent" ],
          "criteria" : [ {
            "attribute" : "TAG",
            "rule" : "equals",
            "value" : "GuiStatusbar"
          }, {
            "attribute" : "Name",
            "rule" : "equals",
            "value" : "sbar"
          } ],
          "direct" : false,
          "occurs" : false
        },
        "identifier" : "oStatus",
        "ignoredCaptures" : [ ],
        "name" : "oStatus",
        "occurs" : false,
        "settings" : { },
        "type" : "irpa_core.SAPScripting.GuiStatusbar",
        "uid" : "49c39773-d592-4233-9ac8-b9eda1c7789a"
      } ],
      "mustExists" : [ "ccc870d2-c31f-43ea-adba-fbf0a0547e7c" ],
      "mustNotExists" : [ ],
      "name" : "Material Document List",
      "settings" : { },
      "techno" : "SAPGUI",
      "type" : "irpa_core.SAPScripting.GuiMainWindow",
      "uid" : "96676e3f-3f62-4975-beb4-48b5644473d1"
    }, {
      "data" : {
        "criteria" : [ {
          "attribute" : "Text",
          "rule" : "contains",
          "value" : "Material Document List"
        } ],
        "customType" : "GuiMainWindow"
      },
      "captures" : [ {
        "name" : "Capture 1",
        "index" : 1,
        "hash" : 1986166937
      } ],
      "identifier" : "materialDocumentList1",
      "items" : [ {
        "boundingRects" : [ {
          "captureRef" : 1,
          "top" : 7,
          "left" : 7,
          "width" : -1,
          "height" : -1
        } ],
        "data" : {
          "controlType" : "GuiMenu",
          "technoInterfaces" : [ "irpa_core.SAPScripting.GuiVContainer", "irpa_core.SAPScripting.GuiVComponent" ],
          "criteria" : [ {
            "attribute" : "TAG",
            "rule" : "equals",
            "value" : "GuiMenu"
          }, {
            "attribute" : "Id",
            "rule" : "equals",
            "value" : "mbar/menu[0]/menu[1]/menu[2]"
          } ],
          "direct" : false,
          "occurs" : false
        },
        "identifier" : "localFile",
        "ignoredCaptures" : [ ],
        "name" : "localFile",
        "occurs" : false,
        "settings" : { },
        "type" : "irpa_core.SAPScripting.GuiMenu",
        "uid" : "0785bfa0-4ce1-414b-a891-3b3fd59c6628"
      } ],
      "mustExists" : [ "0785bfa0-4ce1-414b-a891-3b3fd59c6628" ],
      "mustNotExists" : [ ],
      "name" : "Material Document List 1",
      "settings" : { },
      "techno" : "SAPGUI",
      "type" : "irpa_core.SAPScripting.GuiMainWindow",
      "uid" : "7ff091dd-5296-4bf3-942d-b564016fbe28"
    }, {
      "data" : {
        "criteria" : [ {
          "attribute" : "Text",
          "rule" : "equals",
          "value" : "Save list in file..."
        } ],
        "customType" : "GuiModalWindow"
      },
      "captures" : [ {
        "name" : "Capture 1",
        "index" : 1,
        "hash" : 785528047
      } ],
      "identifier" : "saveListInFile",
      "items" : [ {
        "boundingRects" : [ {
          "captureRef" : 1,
          "origin" : true,
          "top" : 207,
          "left" : 36,
          "width" : 151,
          "height" : 24
        } ],
        "data" : {
          "controlType" : "GuiRadioButton",
          "technoInterfaces" : [ "irpa_core.SAPScripting.GuiVComponent" ],
          "criteria" : [ {
            "attribute" : "TAG",
            "rule" : "equals",
            "value" : "GuiRadioButton"
          }, {
            "attribute" : "Id",
            "rule" : "equals",
            "value" : "usr/subSUBSCREEN_STEPLOOP:SAPLSPO5:0150/sub:SAPLSPO5:0150/radSPOPLI-SELFLAG[1,0]"
          } ],
          "direct" : false,
          "occurs" : false
        },
        "identifier" : "spreadSheet",
        "ignoredCaptures" : [ ],
        "name" : "spreadSheet",
        "occurs" : false,
        "settings" : { },
        "type" : "irpa_core.SAPScripting.GuiRadioButton",
        "uid" : "9ceb815e-5ad7-432f-b42c-ea872394a1b5"
      } ],
      "mustExists" : [ "9ceb815e-5ad7-432f-b42c-ea872394a1b5" ],
      "mustNotExists" : [ ],
      "name" : "Save list in file...",
      "settings" : { },
      "techno" : "SAPGUI",
      "type" : "irpa_core.SAPScripting.GuiModalWindow",
      "uid" : "961c36fc-fc86-420d-a4f8-9f57e781f02c"
    }, {
      "data" : {
        "criteria" : [ {
          "attribute" : "Text",
          "rule" : "contains",
          "value" : "Material Document List"
        } ],
        "customType" : "GuiModalWindow"
      },
      "captures" : [ {
        "name" : "Capture 1",
        "index" : 1,
        "hash" : 264789245
      } ],
      "identifier" : "materialDocumentList2",
      "items" : [ {
        "boundingRects" : [ {
          "captureRef" : 1,
          "top" : 72,
          "left" : 116,
          "width" : 431,
          "height" : 24
        } ],
        "data" : {
          "controlType" : "GuiCTextField",
          "technoInterfaces" : [ "irpa_core.SAPScripting.GuiVComponent" ],
          "criteria" : [ {
            "attribute" : "TAG",
            "rule" : "equals",
            "value" : "GuiCTextField"
          }, {
            "attribute" : "Name",
            "rule" : "equals",
            "value" : "DY_PATH"
          } ],
          "direct" : false,
          "occurs" : false
        },
        "identifier" : "filePath",
        "ignoredCaptures" : [ ],
        "name" : "filePath",
        "occurs" : false,
        "settings" : { },
        "type" : "irpa_core.SAPScripting.GuiCTextField",
        "uid" : "eb2a3a1a-1c1a-4ca8-b3f2-a12cf6e89fc7"
      }, {
        "boundingRects" : [ {
          "captureRef" : 1,
          "top" : 99,
          "left" : 116,
          "width" : 431,
          "height" : 24
        } ],
        "data" : {
          "controlType" : "GuiCTextField",
          "technoInterfaces" : [ "irpa_core.SAPScripting.GuiVComponent" ],
          "criteria" : [ {
            "attribute" : "TAG",
            "rule" : "equals",
            "value" : "GuiCTextField"
          }, {
            "attribute" : "Name",
            "rule" : "equals",
            "value" : "DY_FILENAME"
          } ],
          "direct" : false,
          "occurs" : false
        },
        "identifier" : "fileName",
        "ignoredCaptures" : [ ],
        "name" : "fileName",
        "occurs" : false,
        "settings" : { },
        "type" : "irpa_core.SAPScripting.GuiCTextField",
        "uid" : "6ef531d8-aace-4593-83d1-5fe725e11b4e"
      } ],
      "mustExists" : [ "eb2a3a1a-1c1a-4ca8-b3f2-a12cf6e89fc7" ],
      "mustNotExists" : [ ],
      "name" : "Material Document List 2",
      "settings" : { },
      "techno" : "SAPGUI",
      "type" : "irpa_core.SAPScripting.GuiModalWindow",
      "uid" : "4a433ef5-532d-490f-9225-6d983947a2b3"
    }, {
      "data" : {
        "criteria" : [ {
          "attribute" : "Text",
          "rule" : "contains",
          "value" : "G/L Account Line Item Display"
        } ],
        "customType" : "GuiMainWindow"
      },
      "captures" : [ {
        "name" : "Capture 1",
        "index" : 1,
        "hash" : 1796228475
      } ],
      "identifier" : "gLAccountLineItemDisplayGLVi",
      "items" : [ {
        "boundingRects" : [ {
          "captureRef" : 1,
          "origin" : true,
          "top" : 205,
          "left" : 291,
          "width" : 39,
          "height" : 24
        } ],
        "data" : {
          "controlType" : "GuiCTextField",
          "technoInterfaces" : [ "irpa_core.SAPScripting.GuiVComponent" ],
          "criteria" : [ {
            "attribute" : "TAG",
            "rule" : "equals",
            "value" : "GuiCTextField"
          }, {
            "attribute" : "Name",
            "rule" : "equals",
            "value" : "SD_BUKRS-LOW"
          } ],
          "direct" : false,
          "occurs" : false
        },
        "identifier" : "compCodeFrom",
        "ignoredCaptures" : [ ],
        "name" : "compCodeFrom",
        "occurs" : false,
        "settings" : { },
        "type" : "irpa_core.SAPScripting.GuiCTextField",
        "uid" : "4c1b49a5-a4f0-4a62-b3b6-8886ba8acec8"
      }, {
        "boundingRects" : [ {
          "captureRef" : 1,
          "origin" : true,
          "top" : 205,
          "left" : 491,
          "width" : 39,
          "height" : 24
        } ],
        "data" : {
          "controlType" : "GuiCTextField",
          "technoInterfaces" : [ "irpa_core.SAPScripting.GuiVComponent" ],
          "criteria" : [ {
            "attribute" : "TAG",
            "rule" : "equals",
            "value" : "GuiCTextField"
          }, {
            "attribute" : "Name",
            "rule" : "equals",
            "value" : "SD_BUKRS-HIGH"
          } ],
          "direct" : false,
          "occurs" : false
        },
        "identifier" : "compCodeTo",
        "ignoredCaptures" : [ ],
        "name" : "compCodeTo",
        "occurs" : false,
        "settings" : { },
        "type" : "irpa_core.SAPScripting.GuiCTextField",
        "uid" : "27bae2b5-7a68-4aaa-9f7f-96d82663e985"
      }, {
        "boundingRects" : [ {
          "captureRef" : 1,
          "origin" : true,
          "top" : 475,
          "left" : 291,
          "width" : 87,
          "height" : 24
        } ],
        "data" : {
          "controlType" : "GuiCTextField",
          "technoInterfaces" : [ "irpa_core.SAPScripting.GuiVComponent" ],
          "criteria" : [ {
            "attribute" : "TAG",
            "rule" : "equals",
            "value" : "GuiCTextField"
          }, {
            "attribute" : "Name",
            "rule" : "equals",
            "value" : "PA_STIDA"
          } ],
          "direct" : false,
          "occurs" : false
        },
        "identifier" : "keyDate",
        "ignoredCaptures" : [ ],
        "name" : "keyDate",
        "occurs" : false,
        "settings" : { },
        "type" : "irpa_core.SAPScripting.GuiCTextField",
        "uid" : "241610e3-1e7d-43b3-848c-cca2f4d4287a"
      }, {
        "boundingRects" : [ {
          "captureRef" : 1,
          "origin" : true,
          "top" : 1000,
          "left" : 16,
          "width" : 1904,
          "height" : 40
        } ],
        "data" : {
          "controlType" : "GuiStatusbar",
          "technoInterfaces" : [ "irpa_core.SAPScripting.GuiVComponent" ],
          "criteria" : [ {
            "attribute" : "TAG",
            "rule" : "equals",
            "value" : "GuiStatusbar"
          }, {
            "attribute" : "Name",
            "rule" : "equals",
            "value" : "sbar"
          } ],
          "direct" : false,
          "occurs" : false
        },
        "identifier" : "status",
        "ignoredCaptures" : [ ],
        "name" : "status",
        "occurs" : false,
        "settings" : { },
        "type" : "irpa_core.SAPScripting.GuiStatusbar",
        "uid" : "232cd508-66a1-4d86-a56c-0e323235fadf"
      } ],
      "mustExists" : [ "4c1b49a5-a4f0-4a62-b3b6-8886ba8acec8" ],
      "mustNotExists" : [ ],
      "name" : "G/L Account Line Item Display G/L View",
      "settings" : { },
      "techno" : "SAPGUI",
      "type" : "irpa_core.SAPScripting.GuiMainWindow",
      "uid" : "8814ce4a-ae87-4546-b09a-bd96c787624a"
    }, {
      "data" : {
        "criteria" : [ {
          "attribute" : "Text",
          "rule" : "contains",
          "value" : "G/L Account Line Item Display G/L View"
        } ],
        "customType" : "GuiMainWindow"
      },
      "captures" : [ {
        "name" : "Capture 1",
        "index" : 1,
        "hash" : -1379368837
      } ],
      "identifier" : "gLAccountLineItemDisplayGLVi_1",
      "items" : [ {
        "boundingRects" : [ {
          "captureRef" : 1,
          "origin" : true,
          "top" : 7,
          "left" : 7,
          "width" : -1,
          "height" : -1
        } ],
        "data" : {
          "controlType" : "GuiMenu",
          "technoInterfaces" : [ "irpa_core.SAPScripting.GuiVContainer", "irpa_core.SAPScripting.GuiVComponent" ],
          "criteria" : [ {
            "attribute" : "TAG",
            "rule" : "equals",
            "value" : "GuiMenu"
          }, {
            "attribute" : "Id",
            "rule" : "equals",
            "value" : "mbar/menu[0]/menu[3]/menu[1]"
          } ],
          "direct" : false,
          "occurs" : false
        },
        "identifier" : "spreadSheet",
        "ignoredCaptures" : [ ],
        "name" : "spreadSheet",
        "occurs" : false,
        "settings" : { },
        "type" : "irpa_core.SAPScripting.GuiMenu",
        "uid" : "05a1f661-de80-4f36-b38d-5cf563bb7eb4"
      } ],
      "mustExists" : [ "05a1f661-de80-4f36-b38d-5cf563bb7eb4" ],
      "mustNotExists" : [ ],
      "name" : "G/L Account Line Item Display G/L View 1",
      "settings" : { },
      "techno" : "SAPGUI",
      "type" : "irpa_core.SAPScripting.GuiMainWindow",
      "uid" : "9f1b5295-c5fb-475e-9b75-cd8e87bd2513"
    }, {
      "data" : {
        "criteria" : [ {
          "attribute" : "Text",
          "rule" : "equals",
          "value" : "G/L Account Line Item Display G/L View"
        } ],
        "customType" : "GuiModalWindow"
      },
      "captures" : [ {
        "name" : "Capture 1",
        "index" : 1,
        "hash" : 336416615
      } ],
      "identifier" : "gLAccountLineItemDisplayGLVi_2",
      "items" : [ {
        "boundingRects" : [ {
          "captureRef" : 1,
          "origin" : true,
          "top" : 72,
          "left" : 116,
          "width" : 431,
          "height" : 24
        } ],
        "data" : {
          "controlType" : "GuiCTextField",
          "technoInterfaces" : [ "irpa_core.SAPScripting.GuiVComponent" ],
          "criteria" : [ {
            "attribute" : "TAG",
            "rule" : "equals",
            "value" : "GuiCTextField"
          }, {
            "attribute" : "Name",
            "rule" : "equals",
            "value" : "DY_PATH"
          } ],
          "direct" : false,
          "occurs" : false
        },
        "identifier" : "filePath",
        "ignoredCaptures" : [ ],
        "name" : "filePath",
        "occurs" : false,
        "settings" : { },
        "type" : "irpa_core.SAPScripting.GuiCTextField",
        "uid" : "a477476e-8c59-4e5f-bb81-15e71da1f9cf"
      }, {
        "boundingRects" : [ {
          "captureRef" : 1,
          "origin" : true,
          "top" : 99,
          "left" : 116,
          "width" : 431,
          "height" : 24
        } ],
        "data" : {
          "controlType" : "GuiCTextField",
          "technoInterfaces" : [ "irpa_core.SAPScripting.GuiVComponent" ],
          "criteria" : [ {
            "attribute" : "TAG",
            "rule" : "equals",
            "value" : "GuiCTextField"
          }, {
            "attribute" : "Name",
            "rule" : "equals",
            "value" : "DY_FILENAME"
          } ],
          "direct" : false,
          "occurs" : false
        },
        "identifier" : "fileName",
        "ignoredCaptures" : [ ],
        "name" : "fileName",
        "occurs" : false,
        "settings" : { },
        "type" : "irpa_core.SAPScripting.GuiCTextField",
        "uid" : "59a7d02e-bf2a-4421-bbac-180f3db98caa"
      } ],
      "mustExists" : [ "a477476e-8c59-4e5f-bb81-15e71da1f9cf" ],
      "mustNotExists" : [ ],
      "name" : "G/L Account Line Item Display G/L View 2",
      "settings" : { },
      "techno" : "SAPGUI",
      "type" : "irpa_core.SAPScripting.GuiModalWindow",
      "uid" : "666b8c55-8df9-4eef-aadf-3a66b32aa23f"
    } ]
  },
  "validity" : true,
  "keywords" : "SAPLogon76030SAP Easy Access30ABAP: Variant Directory of Program RFITEMGL30SAP30License Information for Multiple Logon30SAP 130Find Variant30Information30Material Document List30Material Document List 130Save list in file...30Material Document List 230G/L Account Line Item Display G/L View30G/L Account Line Item Display G/L View 130G/L Account Line Item Display G/L View 2",
  "contents" : [ {
    "uid" : "8e8bcbcd-0982-4821-af61-870aba1a3d3d",
    "name" : "0a042451-a53b-442f-99a5-3be09c7bf1aa/1/image",
    "mimeType" : "application/json",
    "size" : 3761,
    "lastUpdateRelease" : "2104.00"
  }, {
    "uid" : "0a30fd60-512a-4da0-a411-9d5fcd64bba7",
    "name" : "7ff091dd-5296-4bf3-942d-b564016fbe28/1/structure",
    "mimeType" : "application/json",
    "size" : 241364,
    "lastUpdateRelease" : "2104.00"
  }, {
    "uid" : "eb8f3302-f99d-4fea-8719-617f78ad4dec",
    "name" : "8814ce4a-ae87-4546-b09a-bd96c787624a/1/image",
    "mimeType" : "application/json",
    "size" : 42439,
    "lastUpdateRelease" : "2104.00"
  }, {
    "uid" : "b5d6aafa-62e1-4958-997a-c7ab206d0026",
    "name" : "961c36fc-fc86-420d-a4f8-9f57e781f02c/1/image",
    "mimeType" : "application/json",
    "size" : 7265,
    "lastUpdateRelease" : "2104.00"
  }, {
    "uid" : "3ccfec52-2cdf-4615-8c8b-d29eb8a5c92d",
    "name" : "961c36fc-fc86-420d-a4f8-9f57e781f02c/1/structure",
    "mimeType" : "application/json",
    "size" : 17604,
    "lastUpdateRelease" : "2104.00"
  }, {
    "uid" : "61135ba6-4da8-4c8c-bcdd-32bb286becf6",
    "name" : "96676e3f-3f62-4975-beb4-48b5644473d1/1/image",
    "mimeType" : "application/json",
    "size" : 48343,
    "lastUpdateRelease" : "2104.00"
  }, {
    "uid" : "6f588b75-777c-4917-be80-2a8c99f39231",
    "name" : "96676e3f-3f62-4975-beb4-48b5644473d1/1/structure",
    "mimeType" : "application/json",
    "size" : 216785,
    "lastUpdateRelease" : "2104.00"
  }, {
    "uid" : "3b1dd7fc-0b2a-4948-b6a6-c89c11c4fdfc",
    "name" : "9f1b5295-c5fb-475e-9b75-cd8e87bd2513/1/image",
    "mimeType" : "application/json",
    "size" : 138991,
    "lastUpdateRelease" : "2104.00"
  }, {
    "uid" : "c36e091e-0cce-4b19-bb67-97a6a27ceafb",
    "name" : "9f1b5295-c5fb-475e-9b75-cd8e87bd2513/1/structure",
    "mimeType" : "application/json",
    "size" : 752328,
    "lastUpdateRelease" : "2104.00"
  }, {
    "uid" : "2cf375e1-318f-4379-989c-9a114751a22d",
    "name" : "applicationDescription",
    "mimeType" : "application/json",
    "size" : 50940,
    "lastUpdateRelease" : "2104.00"
  }, {
    "uid" : "3444eddc-c4cb-4380-a1b6-a9c24e1dc5c4",
    "name" : "c0d87121-d05d-4e0b-bde1-6d402af55eed/1/image",
    "mimeType" : "application/json",
    "size" : 42547,
    "lastUpdateRelease" : "2104.00"
  }, {
    "uid" : "bf57231f-3661-4980-b9ee-4c08b804c04d",
    "name" : "c0d87121-d05d-4e0b-bde1-6d402af55eed/1/structure",
    "mimeType" : "application/json",
    "size" : 133629,
    "lastUpdateRelease" : "2104.00"
  }, {
    "uid" : "ce82651c-7506-417c-86bd-1385b6b1361e",
    "name" : "def16bb7-ffb1-46a3-99bd-01d085f30259/1/image",
    "mimeType" : "application/json",
    "size" : 20173,
    "lastUpdateRelease" : "2104.00"
  }, {
    "uid" : "c6d4ae64-7b64-4c54-865e-7d3fbad9e676",
    "name" : "def16bb7-ffb1-46a3-99bd-01d085f30259/1/structure",
    "mimeType" : "application/json",
    "size" : 156125,
    "lastUpdateRelease" : "2104.00"
  }, {
    "uid" : "acee129d-d16f-48a5-85d4-ab1bba53089c",
    "name" : "0a042451-a53b-442f-99a5-3be09c7bf1aa/1/structure",
    "mimeType" : "application/json",
    "size" : 6389,
    "lastUpdateRelease" : "2104.00"
  }, {
    "uid" : "f2743d1d-83df-431e-916c-136aafa65182",
    "name" : "0b834d58-5bfe-4c93-85e5-42e2e8a2957b/1/image",
    "mimeType" : "application/json",
    "size" : 13153,
    "lastUpdateRelease" : "2104.00"
  }, {
    "uid" : "7aaa4f4b-946f-4157-8bcb-ee7d841c8ca7",
    "name" : "0b834d58-5bfe-4c93-85e5-42e2e8a2957b/1/structure",
    "mimeType" : "application/json",
    "size" : 18482,
    "lastUpdateRelease" : "2104.00"
  }, {
    "uid" : "62218b1d-c6bd-4d86-9a9a-82003d15be47",
    "name" : "165d4c8f-de3f-4a5a-849c-2726da471131/1/image",
    "mimeType" : "application/json",
    "size" : 7117,
    "lastUpdateRelease" : "2104.00"
  }, {
    "uid" : "b83f45a2-a87d-42d7-822f-d08c18dac663",
    "name" : "165d4c8f-de3f-4a5a-849c-2726da471131/1/structure",
    "mimeType" : "application/json",
    "size" : 18274,
    "lastUpdateRelease" : "2104.00"
  }, {
    "uid" : "0f56225d-06eb-421f-a663-065116657ea1",
    "name" : "1ac0dfa1-f27e-4636-9a5e-0c01801cd865/1/image",
    "mimeType" : "application/json",
    "size" : 23193,
    "lastUpdateRelease" : "2104.00"
  }, {
    "uid" : "f4e63b9f-fcee-41c6-893d-7b81e6e60511",
    "name" : "1ac0dfa1-f27e-4636-9a5e-0c01801cd865/1/structure",
    "mimeType" : "application/json",
    "size" : 18233,
    "lastUpdateRelease" : "2104.00"
  }, {
    "uid" : "bbc1fa83-5c86-47b4-876a-70f055b24b51",
    "name" : "3ac67ab3-2408-4577-9ce3-621c49bb4941/1/image",
    "mimeType" : "application/json",
    "size" : 307147,
    "lastUpdateRelease" : "2104.00"
  }, {
    "uid" : "843928b7-7064-4dbc-b949-fe8bf4c5e37e",
    "name" : "3ac67ab3-2408-4577-9ce3-621c49bb4941/1/structure",
    "mimeType" : "application/json",
    "size" : 149165,
    "lastUpdateRelease" : "2104.00"
  }, {
    "uid" : "f8a4c04a-4ff9-4c2d-af94-9efb3075a418",
    "name" : "4a433ef5-532d-490f-9225-6d983947a2b3/1/image",
    "mimeType" : "application/json",
    "size" : 8041,
    "lastUpdateRelease" : "2104.00"
  }, {
    "uid" : "562dd074-064d-4bed-8137-cf0ea7eb66fb",
    "name" : "4a433ef5-532d-490f-9225-6d983947a2b3/1/structure",
    "mimeType" : "application/json",
    "size" : 11877,
    "lastUpdateRelease" : "2104.00"
  }, {
    "uid" : "83a7bb75-9b02-44ab-b0f6-1881956f21a5",
    "name" : "5357dc70-1f9f-4add-821b-27df8c580374/1/image",
    "mimeType" : "application/json",
    "size" : 50195,
    "lastUpdateRelease" : "2104.00"
  }, {
    "uid" : "73a27be5-2e23-4f9d-8737-ed7f1793ed27",
    "name" : "5357dc70-1f9f-4add-821b-27df8c580374/1/structure",
    "mimeType" : "application/json",
    "size" : 140443,
    "lastUpdateRelease" : "2104.00"
  }, {
    "uid" : "5d227a99-f14f-4940-b167-2552920d60a8",
    "name" : "666b8c55-8df9-4eef-aadf-3a66b32aa23f/1/image",
    "mimeType" : "application/json",
    "size" : 8653,
    "lastUpdateRelease" : "2104.00"
  }, {
    "uid" : "e291785e-573a-45bd-a53a-ad8c76726929",
    "name" : "666b8c55-8df9-4eef-aadf-3a66b32aa23f/1/structure",
    "mimeType" : "application/json",
    "size" : 11971,
    "lastUpdateRelease" : "2104.00"
  }, {
    "uid" : "b8384b24-b7a2-4169-934b-480ac10c6330",
    "name" : "7ff091dd-5296-4bf3-942d-b564016fbe28/1/image",
    "mimeType" : "application/json",
    "size" : 32199,
    "lastUpdateRelease" : "2104.00"
  }, {
    "uid" : "571c81ab-6059-43af-9bfc-95a917f4bc49",
    "name" : "8814ce4a-ae87-4546-b09a-bd96c787624a/1/structure",
    "mimeType" : "application/json",
    "size" : 180732,
    "lastUpdateRelease" : "2104.00"
  } ],
  "exportRelease" : "2105.02",
  "lastHeaderUpdateRelease" : "2101.00"
}